"","ERNnem","refCode","Reference","Host","Nematode"
"1",32,1235,"Bovien, P., 1937. Some types of association between nematodes and insects. Videnskabelige Meddelelser fra Dansk Naturhistorisk Forening 101:1-114","Bibio ferruginatus","Steinernema affinis"
"2",32,1274,"Peters, A., 1996.  The natural host range of Steinernema and Heterorhabditis spp. and their impact on insect populations.  Biocontrol Science and Technology 6: 389-402.","Bibio ferruginatus","Steinernema affinis"
"3",33,1235,"Bovien, P., 1937. Some types of association between nematodes and insects. Videnskabelige Meddelelser fra Dansk Naturhistorisk Forening 101:1-114","Bibio hortulana","Steinernema affinis"
"4",34,1235,"Bovien, P., 1937. Some types of association between nematodes and insects. Videnskabelige Meddelelser fra Dansk Naturhistorisk Forening 101:1-114","Dilophus vulgaris","Steinernema affinis"
"5",35,1302,"Arne Peters, observer.  Frazione Pantalla, Ecogen Europe - 3A Parco, Tecnologico Agro-Alimentare, 06050 Todi (PG) Italy.","Helina duplicata","Steinernema affinis"
"6",36,1242,"Kozodoi, E. M., 1984. A new entomophagous nematode Neoaplectana anomali sp.n. (Rhabditida, Steinernematidae) and its biology. Zoologicheskii Zhurnal 63: 1605-1909. (in Russian).","Anomala dubia","Steinernema arenarium"
"7",37,1242,"Kozodoi, E. M., 1984. A new entomophagous nematode Neoaplectana anomali sp.n. (Rhabditida, Steinernematidae) and its biology. Zoologicheskii Zhurnal 63: 1605-1909. (in Russian).","Anomala dubia","Steinernema arenarium"
"8",38,1237,"Poinar, G. O., Jr., 1992. Nematodes associated with Scarabaeidae, in  Use of Pathogens in Scarab Pest Management (Jackson, T.A. & Glare, T.R., eds.) Intercept, Andover. pp 93-109","Melolontha hippocastani","Steinernema arenarium"
"9",39,1241,"Poinar, G. O., Jr. and Veremchuk, G. V., 1970. A new strain of entomopathogenic nematodes and geographical distribution of Neoaplectana carpocapsae Weiser (Rhabditida, Steinernematidae).  Zoologicheskii Zhurnal 49: 966-969. (in Russian).","Agriotes lineatus","Steinernema carpocapsae"
"10",40,1274,"Peters, A., 1996.  The natural host range of Steinernema and Heterorhabditis spp. and their impact on insect populations.  Biocontrol Science and Technology 6: 389-402.","Popillia japonica","Steinernema carpocapsae"
"11",41,1237,"Poinar, G. O., Jr., 1992. Nematodes associated with Scarabaeidae, in  Use of Pathogens in Scarab Pest Management (Jackson, T.A. & Glare, T.R., eds.) Intercept, Andover. pp 93-109","Popillia japonica","Steinernema carpocapsae"
"12",42,1274,"Peters, A., 1996.  The natural host range of Steinernema and Heterorhabditis spp. and their impact on insect populations.  Biocontrol Science and Technology 6: 389-402.","Graphognathus leucoloma","Steinernema carpocapsae"
"13",43,1240,"Poinar, G. O., Jr., 1986. Recognition of Neoaplectana species.  Proceedings of the Helminthological Society of Washington 53: 121-129.","Otiorhynchus sulcatus","Steinernema carpocapsae"
"14",44,1243,"Travassos, L., 1931. Una nova specie do genero Neoaplectana Steiner (Nematoda). Boletin Biologico, Sao Paulo 19: 150-154.","Cleonis mendicus","Steinernema carpocapsae"
"15",45,1244,"Pye, A. E. and Burman, M., 1978. Neoaplectana carpocapsae: infection and reproduction in large pine weevil larvae, Hylobius abietis.  Experimental Parasitology 46: 1-11","Hylobius pales","Steinernema carpocapsae"
"16",46,1245,"Akhurst, R. J., 1980. Morphological and functional dimorphism in Xenorhabdus spp. , bacteria symbiotically associated with insect pathogenic nematodes Neoaplectana and Heterorhabditis. Journal of General Microbiology 121: 303-309.","Vespula sp.","Steinernema carpocapsae"
"17",229,1248,"Georgis, R. and Hague, N.G.M., 1981. A neoaplectanis nematode in the larch sawfly Cephalcia lariciphila (Hymenoptera: Pamphiliidae).  Annals of Applied Biology 99: 171-177.","Cephalcia lariciphila","Steinernema carpocapsae"
"18",230,1240,"Poinar, G. O., Jr., 1986. Recognition of Neoaplectana species.  Proceedings of the Helminthological Society of Washington 53: 121-129.","Rhagoletis pomonella","Steinernema carpocapsae"
"19",47,1274,"Peters, A., 1996.  The natural host range of Steinernema and Heterorhabditis spp. and their impact on insect populations.  Biocontrol Science and Technology 6: 389-402.","Cydia pomonella","Steinernema carpocapsae"
"20",48,1240,"Poinar, G. O., Jr., 1986. Recognition of Neoaplectana species.  Proceedings of the Helminthological Society of Washington 53: 121-129.","Cydia pomonella","Steinernema carpocapsae"
"21",49,1240,"Poinar, G. O., Jr., 1986. Recognition of Neoaplectana species.  Proceedings of the Helminthological Society of Washington 53: 121-129.","Cydia pomonella","Steinernema carpocapsae"
"22",50,1249,"Weiser, J., 1955. Neoaplectana carpocapsae, n. sp. (Anguillaluata: Steinernematinae), novy cizopasník housenek obalece jablecného, Carpocapsa pomonnella L. Bestniik Ceskoslovenske Zoologické Spolecnosti 19: 44-51.","Cydia pomonella","Steinernema carpocapsae"
"23",51,1274,"Peters, A., 1996.  The natural host range of Steinernema and Heterorhabditis spp. and their impact on insect populations.  Biocontrol Science and Technology 6: 389-402.","Cydia pomonella","Steinernema carpocapsae"
"24",52,1274,"Peters, A., 1996.  The natural host range of Steinernema and Heterorhabditis spp. and their impact on insect populations.  Biocontrol Science and Technology 6: 389-402.","Cydia pomonella","Steinernema carpocapsae"
"25",53,1252,"Vinciguerra, M. T. and Tacconi, R., 1983. Variabilita morfologica di Neoaplectana carpocapsae Weiser, 1955 (Rhabditida, Nematoda) rinvenuta in larve di Laspeyresia pomonella (L.).  Bolletino del Instituto di Entomologia “Guido Grandi”, Universita di Bologna (Italy) 38:89-94.","Cydia pomonella","Steinernema carpocapsae"
"26",54,1283,"Jackson, G. J., 1965.  Differentiation of three species of Neoaplectana (Nematoda: Rhabditida), grown axenically.  Parasitol. 55: 571-578.","Cydia pomonella","Steinernema carpocapsae"
"27",55,1274,"Peters, A., 1996.  The natural host range of Steinernema and Heterorhabditis spp. and their impact on insect populations.  Biocontrol Science and Technology 6: 389-402.","Agrotis segetum","Steinernema carpocapsae"
"28",225,1251,"Stanuszek, S., 1974b. Neoaplectana feltiae pieridarum n. ecotype (Nematoa: Rhabditoidea, Steinernematidae) – a parasite of Pieris brassicae L. and Mamestra brassicae L. in Poland: morphology and biology.  Zeszty Problemowe Postepów Nauk Rolniczych 154: 361-391.","Mamestra brassicae","Steinernema carpocapsae"
"29",56,1274,"Peters, A., 1996.  The natural host range of Steinernema and Heterorhabditis spp. and their impact on insect populations.  Biocontrol Science and Technology 6: 389-402.","Helicoverpa armigera","Steinernema carpocapsae"
"30",226,1251,"Stanuszek, S., 1974b. Neoaplectana feltiae pieridarum n. ecotype (Nematoa: Rhabditoidea, Steinernematidae) – a parasite of Pieris brassicae L. and Mamestra brassicae L. in Poland: morphology and biology.  Zeszty Problemowe Postepów Nauk Rolniczych 154: 361-391.","Pieris brassicae","Steinernema carpocapsae"
"31",57,1239,"Poinar, G. O., Jr., 1979. Nematodes for Biological Control of Insects. CRC Press, Boca Raton, FL.","Vitacea polistiformis","Steinernema carpocapsae"
"32",58,1284,"Veremchuk, G. V., and Litvinchuk, L. N., 1971.  Nematodes of the genus Neoaplectana (Rhabditida: Steinernematidae) --parasites of the larch looper moth (Semiothisa pumila Kusn.) (Lepidoptera: Geometridae), pp. 92-95.  In New and little known species of the Siberian fauna.  Akad. Nauk SSR Novosibersk. (in Russian, English summary)","Semiothisa pumila","Steinernema carpocapsae"
"33",59,1303,"Stammer, H. J. and Wachek, F., 1952.  Ein neuer parasitischer Nematode, Carabonema hasei h.g. h.sp. (Carbonematidae n. fam.).  Zool. Anz. 148: 185-193","Pardileus calceatus","Steinernema feltiae"
"34",60,1274,"Peters, A., 1996.  The natural host range of Steinernema and Heterorhabditis spp. and their impact on insect populations.  Biocontrol Science and Technology 6: 389-402.","Selatosomus melancholicus","Steinernema feltiae"
"35",61,1274,"Peters, A., 1996.  The natural host range of Steinernema and Heterorhabditis spp. and their impact on insect populations.  Biocontrol Science and Technology 6: 389-402.","Pytho depressus","Steinernema feltiae"
"36",62,1274,"Peters, A., 1996.  The natural host range of Steinernema and Heterorhabditis spp. and their impact on insect populations.  Biocontrol Science and Technology 6: 389-402.","Rhagium inquisitor","Steinernema feltiae"
"37",63,1239,"Poinar, G. O., Jr., 1979. Nematodes for Biological Control of Insects. CRC Press, Boca Raton, FL.","Amphimallon solstitialis","Steinernema feltiae"
"38",64,1237,"Poinar, G. O., Jr., 1992. Nematodes associated with Scarabaeidae, in  Use of Pathogens in Scarab Pest Management (Jackson, T.A. & Glare, T.R., eds.) Intercept, Andover. pp 93-109","Melolontha afflicta","Steinernema feltiae"
"39",65,1237,"Poinar, G. O., Jr., 1992. Nematodes associated with Scarabaeidae, in  Use of Pathogens in Scarab Pest Management (Jackson, T.A. & Glare, T.R., eds.) Intercept, Andover. pp 93-109","Onitis alexis","Steinernema feltiae"
"40",66,1237,"Poinar, G. O., Jr., 1992. Nematodes associated with Scarabaeidae, in  Use of Pathogens in Scarab Pest Management (Jackson, T.A. & Glare, T.R., eds.) Intercept, Andover. pp 93-109","Pentodon algerinum","Steinernema feltiae"
"41",67,1274,"Peters, A., 1996.  The natural host range of Steinernema and Heterorhabditis spp. and their impact on insect populations.  Biocontrol Science and Technology 6: 389-402.","Capnodis tenebrionis","Steinernema feltiae"
"42",68,1285,"Wouts, W. M., 1980.  Biology, life cycle and re-description of Neoaplectana bibionis Bovien, 1937 (Nematoda: Steinernematidae).  J. Nematol. 12: 62-72.","Graphognathus leucoloma","Steinernema feltiae"
"43",69,1274,"Peters, A., 1996.  The natural host range of Steinernema and Heterorhabditis spp. and their impact on insect populations.  Biocontrol Science and Technology 6: 389-402.","Otiorhynchus sulcatus","Steinernema feltiae"
"44",70,1254,"Vainio, A. and Hokkanen, H.M.T., 1993.  The potential of entomopahtogenic fungi and nematodes against Otiorhynchus ovatus L. and O. dubius Strom. (Col: Curculionidae) in the field.  Journal of Applied Entomology 115:379-387.","Otiorhynchus ovatus","Steinernema feltiae"
"45",71,1254,"Vainio, A. and Hokkanen, H.M.T., 1993.  The potential of entomopahtogenic fungi and nematodes against Otiorhynchus ovatus L. and O. dubius Strom. (Col: Curculionidae) in the field.  Journal of Applied Entomology 115:379-387.","Otiorhynchus dubius","Steinernema feltiae"
"46",72,1255,"Pollitt, S., Peters, A. and Ehlers, R.-U., 1994.  Control potential of a naturally occurring Steinernema feltiae population.  IOBC/WPRS Bulletin 17: 144-147.","Phyllobius urticae","Steinernema feltiae"
"47",73,1239,"Poinar, G. O., Jr., 1979. Nematodes for Biological Control of Insects. CRC Press, Boca Raton, FL.","Bothynoderis punctiventris","Steinernema feltiae"
"48",74,1287,"Travassos, L., 1932.  Una specie del genere Neoaplectana Steiner (Nematoda-Oxyuridae) parasita del Conorrhynchus (Cleonus) mendicus Gyll. (Coleoptera-Curculionidae). Boll. Labor. Zool. Agraria Portici 26: 115-118. (in Spanish)","Temnorrrhinus mendicus","Steinernema feltiae"
"49",12,1274,"Peters, A., 1996.  The natural host range of Steinernema and Heterorhabditis spp. and their impact on insect populations.  Biocontrol Science and Technology 6: 389-402.","Hylobius abietis","Steinernema feltiae"
"50",75,1235,"Bovien, P., 1937. Some types of association between nematodes and insects. Videnskabelige Meddelelser fra Dansk Naturhistorisk Forening 101:1-114","Bibio hortulana","Steinernema feltiae"
"51",76,1235,"Bovien, P., 1937. Some types of association between nematodes and insects. Videnskabelige Meddelelser fra Dansk Naturhistorisk Forening 101:1-114","Bibio ferruginatus","Steinernema feltiae"
"52",77,1304,"Stammer, H. J., 1953.  Die parasiten der Bibioniden. Proc. XIV Int. Congr. Zool. Copenhagen.  pp. 349-358.","Bibio fulviventris","Steinernema feltiae"
"53",78,1304,"Stammer, H. J., 1953.  Die parasiten der Bibioniden. Proc. XIV Int. Congr. Zool. Copenhagen.  pp. 349-358.","Bibio laniger","Steinernema feltiae"
"54",79,1304,"Stammer, H. J., 1953.  Die parasiten der Bibioniden. Proc. XIV Int. Congr. Zool. Copenhagen.  pp. 349-358.","Bibio varipes","Steinernema feltiae"
"55",80,1238,"Poinar, G. O., Jr., 1990. Biology and taxonomy of Steinernematidae and Heterorhabditidae, in Entomopathogenic Nematodes in Biological Control (Gaugler, R. & Kaya, H. K., eds) CRC Press, Boca Raton, FL, pp. 23-61","Helicoverpa armigera","Steinernema feltiae"
"56",81,1256,"Hoy, J. M., 1954.  The biology and host range of Neoaplectana leucaniae, a new species of insect-parasite nematode.  Parasitology 44: 392-399.","Crambus simplex","Steinernema feltiae"
"57",231,1256,"Hoy, J. M., 1954.  The biology and host range of Neoaplectana leucaniae, a new species of insect-parasite nematode.  Parasitology 44: 392-399.","Leucania acontistis","Steinernema feltiae"
"58",82,1257,"Wright, P. J. and Jackson, T. A., 1988.  Low temperature activity and infectivity of a parasitic nematode against porina and grass grub larvae, in  Proceedings of the Forty-first New Zealand Weed and Pest Control Conference. pp. 138-140.","Agrotis ipsilon","Steinernema feltiae"
"59",83,1258,"Turco, C. P., Thames, W. H., Jr and Hopkins, S. H., 1971.  On the taxonomic status and comparative morphology of species of the genus Neoaplectana Steiner (Neoaplectanidae: Nematoda).  Proceedings of the Helminthological Society of Washington 38: 68-79.","Agrotis segetum","Steinernema feltiae"
"60",84,1274,"Peters, A., 1996.  The natural host range of Steinernema and Heterorhabditis spp. and their impact on insect populations.  Biocontrol Science and Technology 6: 389-402.","Agrotinae sp.","Steinernema feltiae"
"61",85,1238,"Poinar, G. O., Jr., 1990. Biology and taxonomy of Steinernematidae and Heterorhabditidae, in Entomopathogenic Nematodes in Biological Control (Gaugler, R. & Kaya, H. K., eds) CRC Press, Boca Raton, FL, pp. 23-61","Migdolus fryanus","Steinernema glaseri"
"62",86,1274,"Peters, A., 1996.  The natural host range of Steinernema and Heterorhabditis spp. and their impact on insect populations.  Biocontrol Science and Technology 6: 389-402.","Popillia japonica","Steinernema glaseri"
"63",87,1240,"Poinar, G. O., Jr., 1986. Recognition of Neoaplectana species.  Proceedings of the Helminthological Society of Washington 53: 121-129.","Strigoderma arboricola","Steinernema glaseri"
"64",88,1237,"Poinar, G. O., Jr., 1992. Nematodes associated with Scarabaeidae, in  Use of Pathogens in Scarab Pest Management (Jackson, T.A. & Glare, T.R., eds.) Intercept, Andover. pp 93-109","Anomala flavipennis","Steinernema glaseri"
"65",232,1259,"Steiner, G., 1923.  Aplectana draussei n. sp., eine in der Blattwespe Lyda sp. parasitierende Nematodenform.  Aentralblatt für Bakteriologie, Parasitenkunde infectionskrankheiten und Hygiene, Abteilung ll 59: 14-18.","Cephalcia abietis","Steinernema kraussei "
"66",89,1260,"Eichhorn, O., 1988.  Untersuchungen über die Fichtengespinsblattwespen Cephalcia spp. PANZ (Hymenoptera, Panphiliidae). II. Die Larven- und Nymphenparasiten.  Journal of Applied Entomology 105: 105-140.","Cephalcia abietis","Steinernema kraussei"
"67",90,1262,"Mrácek, A., 1986.  Nematodes and other factors controlling the sawfly, Cephaleia abietis (Pamphilidae: Hymenoptera), in Czechoslovakia,  Forest Ecology and Management 15: 75-79.","Cephalcia abietis","Steinernema kraussei"
"68",91,1261,"Fischer, P. and Fuhrer, E., 1990.  Effect of soil acidity on the entomophilic nematode Steinernema kraussei Steiner.  Biology and Fertility of Soil 9: 174-177.","Cephalcia abietis","Steinernema kraussei"
"69",92,1260,"Eichhorn, O., 1988.  Untersuchungen über die Fichtengespinsblattwespen Cephalcia spp. PANZ (Hymenoptera, Panphiliidae). II. Die Larven- und Nymphenparasiten.  Journal of Applied Entomology 105: 105-140.","Cephalcia falleni","Steinernema kraussei"
"70",93,1263,"Mamiya, Y., 1988.  Steinernema kushidai n. sp. (Nematoda: Steinernematidae) associated with scarabaeid beetle larvae from Shizuoka, Japan.  Applied Entomology and Zoology 23: 313-320.","Anomala cuprea","Steinernema kushidai"
"71",13,1264,"Nguyen, K. B. and Smart, G. C., Jr., 1992.  Steinernema neocurtillis n. sp. (Rhabditida: Steinernematidae) and key to species of the genus Steinernema.  Journal of Nematology 24: 463-477.","Neocurtilla hexadactyla","Steinernema neocurtillis"
"72",94,1267,"Doucet, M. M. A., 1986.  A new species of Neoaplectana Steiner 1929 (Nematoda: Steinernematidae) from Cordoba, Argentina.  Revue de Nematologie 9: 317-323.","Heliothis sp.","Steinernema rarum"
"73",233,1268,"Raulston, J. R., Pair, S. D., Loera, J. and Cabanillas, H. E., 1992.  Prepupal and pupal parasitism of Helicoverpa zea and Spodptera frugiperda (Lepidoptera: Noctuidae) by Steinernema sp. in cornfields in the lower Rio Grande Valley.  Journal of Economic Entomology 85: 1666-1670.","Helicoverpa zea","Steinernema riobravis"
"74",234,1268,"Raulston, J. R., Pair, S. D., Loera, J. and Cabanillas, H. E., 1992.  Prepupal and pupal parasitism of Helicoverpa zea and Spodptera frugiperda (Lepidoptera: Noctuidae) by Steinernema sp. in cornfields in the lower Rio Grande Valley.  Journal of Economic Entomology 85: 1666-1670.","Spodoptera frugiperda","Steinernema riobravis"
"75",14,1265,"Nguyen, K. B. and Smart, G. C., Jr., 1990.  Steinernema scapterisci n. sp. (Rhabditida: Steinernematidae).  Journal of Nematology 23: 187-199.","Scapteriscus vicinus","Steinernema scapterisci"
"76",95,1269,"Stock, S. P., Gardner, L. L., Wu, F. F. and Kaya, H. K., 1995.  Characterization of two Steinernema scapterisci populations (Nematoda: Steinernematidae) using morphology and random amplified polymorphic DNA markers.  Journal of the Helminthological Society of Washington 62: 242-249.","Scapteriscus borellii","Steinernema scapterisci"
"77",15,1270,"Parkman, J. P. and Frank, J. H., 1992.  Infection of sound-trapped mole crickets, Scapteriscus spp., by Steinernema scapterisci.  Florida Entomologist 75: 163-165.","Scapteriscus vicinus","Steinernema scapterisci"
"78",16,1270,"Parkman, J. P. and Frank, J. H., 1992.  Infection of sound-trapped mole crickets, Scapteriscus spp., by Steinernema scapterisci.  Florida Entomologist 75: 163-165.","Scapteriscus borellii","Steinernema scapterisci"
"79",96,1274,"Peters, A., 1996.  The natural host range of Steinernema and Heterorhabditis spp. and their impact on insect populations.  Biocontrol Science and Technology 6: 389-402.","Phyllopertha horticola","Steinernema sp."
"80",97,1274,"Peters, A., 1996.  The natural host range of Steinernema and Heterorhabditis spp. and their impact on insect populations.  Biocontrol Science and Technology 6: 389-402.","Amphimallon solstitialis","Steinernema sp."
"81",98,1237,"Poinar, G. O., Jr., 1992. Nematodes associated with Scarabaeidae, in  Use of Pathogens in Scarab Pest Management (Jackson, T.A. & Glare, T.R., eds.) Intercept, Andover. pp 93-109","Scitala sericans","Steinernema sp."
"82",99,1237,"Poinar, G. O., Jr., 1992. Nematodes associated with Scarabaeidae, in  Use of Pathogens in Scarab Pest Management (Jackson, T.A. & Glare, T.R., eds.) Intercept, Andover. pp 93-109","Adoryphorus couloni","Steinernema sp."
"83",100,1250,"Stanuszek, S., 1974a. Neoaplectana feltiae complex (Rhabditoidea, Steinernematidae), its taxonomic position within the genus Neoaplectana and traspecific structure.  Zeszty Problemowe Postepów Nauk Rolniczych 154: 331-360.","Leptinotarsa decemlineata","Steinernema sp."
"84",101,1271,"Klein, M. G., 1990.  Efficacy against soil-inhabiting insect pests, in Entomopathogenic Nematodes in Biological Control (Gaugler, R. and Kaya, H. K., Eds) CRC Press, Boca Raton, FL, pp. 195-214.","Graphognathus sp.","Steinernema sp."
"85",102,1288,"Weiser, J., 1960.  Nemoci panrav chroustu v CSR. Vestn. Cesk. Zool. Spol. 24: 71-74.  (in Czech, English summary)","Cryptorrhynchus lapathi","Steinernema sp."
"86",103,1260,"Eichhorn, O., 1988.  Untersuchungen über die Fichtengespinsblattwespen Cephalcia spp. PANZ (Hymenoptera, Panphiliidae). II. Die Larven- und Nymphenparasiten.  Journal of Applied Entomology 105: 105-140.","Acantholyda posticalis","Steinernema sp."
"87",104,1289,"Gorgazde, O. A., 1988.  The nematode Neoaplectana thesami, new species found in Operophthera rumata L. Soobscen. Akad. Nauk, Gruz. SSR 130: 405-408.","Operophtera brumata","Steinernema sp."
"88",105,1272,"Caballero, Pl, Vargas-Osuna, E. and Santiago-Alvarez, C., 1989.  Presencia de “gusanos grises” sobre diversos cultivos en Andalucia y Extremadura y sus parasitos y patogenos asociados,  Boletin de Sanidad Vegetal y Plagas 15: 3-7,","Agrotis ipsilon","Steinernema sp."
"89",106,1272,"Caballero, Pl, Vargas-Osuna, E. and Santiago-Alvarez, C., 1989.  Presencia de “gusanos grises” sobre diversos cultivos en Andalucia y Extremadura y sus parasitos y patogenos asociados,  Boletin de Sanidad Vegetal y Plagas 15: 3-7,","Agrotis segetum","Steinernema sp."
"90",107,1274,"Peters, A., 1996.  The natural host range of Steinernema and Heterorhabditis spp. and their impact on insect populations.  Biocontrol Science and Technology 6: 389-402.","Sesamia nonagrioides","Steinernema sp."
"91",228,1266,"Nguyen, K. B. and Smart, G. C., Jr., 1994.  Neosteinernema longicurvicaudum n. gen., n. sp. (Rhabditida: Steinernematidae), a parasite of the termite Reticulitermes flavipes (Koller).  Journal of Nematology 26: 162-174.","Reticulitermes flavipes","Neosteinernema longicurvicaudum"
"92",108,1237,"Poinar, G. O., Jr., 1992. Nematodes associated with Scarabaeidae, in  Use of Pathogens in Scarab Pest Management (Jackson, T.A. & Glare, T.R., eds.) Intercept, Andover. pp 93-109","Popillia japonica","Heterorhabditis bacteriophora"
"93",109,1305,"Glare, T.R., Jackson, T. A. and Zimmerman, G., 1993.  Entomophaga 38: 411-450.","Amphimallon solstitialis","Heterorhabditis bacteriophora"
"94",110,1238,"Poinar, G. O., Jr., 1990. Biology and taxonomy of Steinernematidae and Heterorhabditidae, in Entomopathogenic Nematodes in Biological Control (Gaugler, R. & Kaya, H. K., eds) CRC Press, Boca Raton, FL, pp. 23-61","Cyclocephala hirta","Heterorhabditis bacteriophora"
"95",111,1274,"Peters, A., 1996.  The natural host range of Steinernema and Heterorhabditis spp. and their impact on insect populations.  Biocontrol Science and Technology 6: 389-402.","Phyllophaga sp.","Heterorhabditis bacteriophora"
"96",112,1238,"Poinar, G. O., Jr., 1990. Biology and taxonomy of Steinernematidae and Heterorhabditidae, in Entomopathogenic Nematodes in Biological Control (Gaugler, R. & Kaya, H. K., eds) CRC Press, Boca Raton, FL, pp. 23-61","Diabrotica balteata","Heterorhabditis bacteriophora"
"97",113,1238,"Poinar, G. O., Jr., 1990. Biology and taxonomy of Steinernematidae and Heterorhabditidae, in Entomopathogenic Nematodes in Biological Control (Gaugler, R. & Kaya, H. K., eds) CRC Press, Boca Raton, FL, pp. 23-61","Curculio caryae","Heterorhabditis bacteriophora"
"98",114,1238,"Poinar, G. O., Jr., 1990. Biology and taxonomy of Steinernematidae and Heterorhabditidae, in Entomopathogenic Nematodes in Biological Control (Gaugler, R. & Kaya, H. K., eds) CRC Press, Boca Raton, FL, pp. 23-61","Diaprepes abbreviatus","Heterorhabditis bacteriophora"
"99",115,1238,"Poinar, G. O., Jr., 1990. Biology and taxonomy of Steinernematidae and Heterorhabditidae, in Entomopathogenic Nematodes in Biological Control (Gaugler, R. & Kaya, H. K., eds) CRC Press, Boca Raton, FL, pp. 23-61","Diaprepes abbreviatus","Heterorhabditis bacteriophora"
"100",116,1246,"Akhurst, R. J., 1987. Use of starch gel electrophoresis in the taxonomy of the genus Heterorhabditis (Nematoda: Heterorhabditidae). Nematologica 33: 11-9.","Helicoverpa punctigera","Heterorhabditis bacteriophora"
"101",117,1246,"Akhurst, R. J., 1987. Use of starch gel electrophoresis in the taxonomy of the genus Heterorhabditis (Nematoda: Heterorhabditidae). Nematologica 33: 11-9.","Helicoverpa zea","Heterorhabditis bacteriophora"
"102",118,1238,"Poinar, G. O., Jr., 1990. Biology and taxonomy of Steinernematidae and Heterorhabditidae, in Entomopathogenic Nematodes in Biological Control (Gaugler, R. & Kaya, H. K., eds) CRC Press, Boca Raton, FL, pp. 23-61","Diatraea grandiosella","Heterorhabditis bacteriophora"
"103",119,1291,"Poinar, G. O., Jr., Jackson, T. and Klein, 1987.  Heterorhabditis megidis sp. n. (Heterorhabditidae: Rhabditida), parasitic in the Japanese beetle, Popillia japonica (Scarabaedae: Coleoptera), in Ohio.  Proc. Helminth. Soc. Wash. 54: 53-59.","Popillia japonica","Heterorhabditis megidis"
"104",120,1238,"Poinar, G. O., Jr., 1990. Biology and taxonomy of Steinernematidae and Heterorhabditidae, in Entomopathogenic Nematodes in Biological Control (Gaugler, R. & Kaya, H. K., eds) CRC Press, Boca Raton, FL, pp. 23-61","Popillia japonica","Heterorhabditis megidis"
"105",121,1274,"Peters, A., 1996.  The natural host range of Steinernema and Heterorhabditis spp. and their impact on insect populations.  Biocontrol Science and Technology 6: 389-402.","Phyllopertha horticola","Heterorhabditis megidis"
"106",122,1274,"Peters, A., 1996.  The natural host range of Steinernema and Heterorhabditis spp. and their impact on insect populations.  Biocontrol Science and Technology 6: 389-402.","Phyllopertha horticola","Heterorhabditis megidis"
"107",123,1274,"Peters, A., 1996.  The natural host range of Steinernema and Heterorhabditis spp. and their impact on insect populations.  Biocontrol Science and Technology 6: 389-402.","Phyllopertha horticola","Heterorhabditis megidis"
"108",124,1274,"Peters, A., 1996.  The natural host range of Steinernema and Heterorhabditis spp. and their impact on insect populations.  Biocontrol Science and Technology 6: 389-402.","Phyllopertha horticola","Heterorhabditis megidis"
"109",125,1274,"Peters, A., 1996.  The natural host range of Steinernema and Heterorhabditis spp. and their impact on insect populations.  Biocontrol Science and Technology 6: 389-402.","Phyllopertha horticola","Heterorhabditis megidis"
"110",126,1274,"Peters, A., 1996.  The natural host range of Steinernema and Heterorhabditis spp. and their impact on insect populations.  Biocontrol Science and Technology 6: 389-402.","Amphimallon solstitialis","Heterorhabditis megidis"
"111",127,1274,"Peters, A., 1996.  The natural host range of Steinernema and Heterorhabditis spp. and their impact on insect populations.  Biocontrol Science and Technology 6: 389-402.","Amphimallon solstitialis","Heterorhabditis megidis"
"112",128,1274,"Peters, A., 1996.  The natural host range of Steinernema and Heterorhabditis spp. and their impact on insect populations.  Biocontrol Science and Technology 6: 389-402.","Otiorhynchus sulcatus","Heterorhabditis megidis"
"113",129,1237,"Poinar, G. O., Jr., 1992. Nematodes associated with Scarabaeidae, in  Use of Pathogens in Scarab Pest Management (Jackson, T.A. & Glare, T.R., eds.) Intercept, Andover. pp 93-109","Heteronychus arator","Heterorhabditis zealandica"
"114",130,1274,"Peters, A., 1996.  The natural host range of Steinernema and Heterorhabditis spp. and their impact on insect populations.  Biocontrol Science and Technology 6: 389-402.","Agriotes ponticus","Heterorhabditis sp."
"115",131,1306,"Jaworska, M., 1978. Abstr. Inter. Coll. Invertebr. pathol. Praga.","Hoplocampa testudinae","Heterorhabditis sp."
"116",132,1274,"Peters, A., 1996.  The natural host range of Steinernema and Heterorhabditis spp. and their impact on insect populations.  Biocontrol Science and Technology 6: 389-402.","Phyllopertha horticola","Heterorhabditis sp."
"117",133,1237,"Poinar, G. O., Jr., 1992. Nematodes associated with Scarabaeidae, in  Use of Pathogens in Scarab Pest Management (Jackson, T.A. & Glare, T.R., eds.) Intercept, Andover. pp 93-109","Popillia japonica","Heterorhabditis sp."
"118",134,1238,"Poinar, G. O., Jr., 1990. Biology and taxonomy of Steinernematidae and Heterorhabditidae, in Entomopathogenic Nematodes in Biological Control (Gaugler, R. & Kaya, H. K., eds) CRC Press, Boca Raton, FL, pp. 23-61","Popillia japonica","Heterorhabditis sp."
"119",135,1247,"Akhurst, R. J., Bedding, R. A., Bull, R. M. and Smith, D.R.J., 1992. An epizootic of Heterorhabditis spp. (Heterorhabditidae: Nematoda) in sugar cane scarabaeids (Coleoptera). Fundamental and Applied Nematology 15: 71-73.","Lepidiota crinita","Heterorhabditis sp."
"120",136,1247,"Akhurst, R. J., Bedding, R. A., Bull, R. M. and Smith, D.R.J., 1992. An epizootic of Heterorhabditis spp. (Heterorhabditidae: Nematoda) in sugar cane scarabaeids (Coleoptera). Fundamental and Applied Nematology 15: 71-73.","Lepidiota negatoria","Heterorhabditis sp."
"121",137,1247,"Akhurst, R. J., Bedding, R. A., Bull, R. M. and Smith, D.R.J., 1992. An epizootic of Heterorhabditis spp. (Heterorhabditidae: Nematoda) in sugar cane scarabaeids (Coleoptera). Fundamental and Applied Nematology 15: 71-73.","Lepidiota picticollis","Heterorhabditis sp."
"122",138,1247,"Akhurst, R. J., Bedding, R. A., Bull, R. M. and Smith, D.R.J., 1992. An epizootic of Heterorhabditis spp. (Heterorhabditidae: Nematoda) in sugar cane scarabaeids (Coleoptera). Fundamental and Applied Nematology 15: 71-73.","Antitrogus consanguineus","Heterorhabditis sp."
"123",139,1247,"Akhurst, R. J., Bedding, R. A., Bull, R. M. and Smith, D.R.J., 1992. An epizootic of Heterorhabditis spp. (Heterorhabditidae: Nematoda) in sugar cane scarabaeids (Coleoptera). Fundamental and Applied Nematology 15: 71-73.","Graphognathus leucoloma","Heterorhabditis sp."
"124",140,1238,"Poinar, G. O., Jr., 1990. Biology and taxonomy of Steinernematidae and Heterorhabditidae, in Entomopathogenic Nematodes in Biological Control (Gaugler, R. & Kaya, H. K., eds) CRC Press, Boca Raton, FL, pp. 23-61","Graphognathus leucoloma","Heterorhabditis sp."
"125",141,1273,"Arteaga-Hernandez, E. M. and Mrácek, Z., 1984.  Heterorhabditis heliothidis, a parasite of insect pests in Cuba.  Folia Parasitologica (Praha) 31: 11-17.","Cylas formicarius","Heterorhabditis sp."
"126",142,1273,"Arteaga-Hernandez, E. M. and Mrácek, Z., 1984.  Heterorhabditis heliothidis, a parasite of insect pests in Cuba.  Folia Parasitologica (Praha) 31: 11-17.","Pachnaeus litus","Heterorhabditis sp."
"127",143,1237,"Poinar, G. O., Jr., 1992. Nematodes associated with Scarabaeidae, in  Use of Pathogens in Scarab Pest Management (Jackson, T.A. & Glare, T.R., eds.) Intercept, Andover. pp 93-109","Pericoptus truncatus","Heterorhabditis sp."
"128",144,1308,"Strong, D. R., Maron, J.L., Connors, P.G., Whipple, A., Harrison, S. and Jefferies, R. L., 1995.  High mortality, fluctuation in numbers, and heavy subterranean insect herbivory in bush lupine, Lupinus arboreus. Oecologia 104: 85-92.","Hepialus californicus","Heterorhabditis hepialus "
"129",145,1238,"Poinar, G. O., Jr., 1990. Biology and taxonomy of Steinernematidae and Heterorhabditidae, in Entomopathogenic Nematodes in Biological Control (Gaugler, R. & Kaya, H. K., eds) CRC Press, Boca Raton, FL, pp. 23-61","Gasterocercodes brasiliensis","Heterorhabditis sp."
"130",146,1235,"Bovien, P., 1937. Some types of association between nematodes and insects. Videnskabelige Meddelelser fra Dansk Naturhistorisk Forening 101:1-114","Dilophus vulgaris","Steinernema feltiae"
"131",17,1293,"Nguyen, K. B. and Smart, G. C., 1991. Pathogenicity of Steinernema scapterisci to selected invertebrates.  Journal of Nematology 23: 7-11.","Acheta domesticus","Steinernema scapterisci"
"132",18,1293,"Nguyen, K. B. and Smart, G. C., 1991. Pathogenicity of Steinernema scapterisci to selected invertebrates.  Journal of Nematology 23: 7-11.","Scapteriscus borellii","Steinernema scapterisci"
"133",19,1293,"Nguyen, K. B. and Smart, G. C., 1991. Pathogenicity of Steinernema scapterisci to selected invertebrates.  Journal of Nematology 23: 7-11.","Scapteriscus vicinus","Steinernema scapterisci"
"134",147,1237,"Poinar, G. O., Jr., 1992. Nematodes associated with Scarabaeidae, in  Use of Pathogens in Scarab Pest Management (Jackson, T.A. & Glare, T.R., eds.) Intercept, Andover. pp 93-109","Heteronychus arator","Heterorhabditis zealandica"
"135",148,1297,"Dale, P. S., 1964.  A new species of Cephalobellus (Nematoda: Thelastomatidae) from the larva of Costelytra zealandica (Coleoptera: Melolonghinae). New Zealand Journal of Science 7: 596-601.","Costelytra zealandica","Cephalobellus costelytrae"
"136",1,1296,"Poinar, G. O., Jr., 1990. Austromermis n. gen. and Blepharomermis n. gen. (Mermithidae: Nematoda)from New Zealand Simuliidae and Blepharoceridae (Diptera). Revue de nematologie 13: 395-402.","Austrosimulium multicorne","Austromemermis namis"
"137",2,1296,"Poinar, G. O., Jr., 1990. Austromermis n. gen. and Blepharomermis n. gen. (Mermithidae: Nematoda)from New Zealand Simuliidae and Blepharoceridae (Diptera). Revue de nematologie 13: 395-402.","Neocurupira hudsoni","Blepharomermis craigi"
"138",3,1228,"Glare, T.R., O’Callaghan, M., and Wigley, P.J. 1993. Checklist of naturally occurring entomopathogens microbes and nematodes in New Zealand.  New Zealand Journal of Zoology 20: 95-120. ","Costelytra zealandica","Psammomermis canterburiensis"
"139",4,1295,"Zondag, R., 1969. A nematode infection of Sirex noctilio (F) in New Zealand.  New Zealand Journal of Science 12: 732-747.","Sirex noctilio","Delandenus siricidicola"
"140",5,1294,"Dale, P. S., 1966. Blatticola tuapakae and Protrellina gurri n. spp., nematode parasites of the black roach.  New Zealand Journal of Science 9: 538-544.","Platyzosteria novaeseelandiae","Blatticola tuapakae"
"141",6,1294,"Dale, P. S., 1966. Blatticola tuapakae and Protrellina gurri n. spp., nematode parasites of the black roach.  New Zealand Journal of Science 9: 538-544.","Platyzosteria novaeseelandiae","Protrellina gurri "
"142",149,1298,"Dale, P. S., 1964. Tetleyus pericopti n. gen. et sp. A thelastomatid nematode from larvae of Pericoptus trucnatus (Fab) (Coleoptera: Dynastinae). New Zealand Journal of Science 7: 589-595.","Pericoptus truncatus","Tetleyus pericopti"
"143",7,1274,"Peters, A., 1996.  The natural host range of Steinernema and Heterorhabditis spp. and their impact on insect populations.  Biocontrol Science and Technology 6: 389-402.","Eudonia sabulosella","Steinernema feltiae"
"144",150,1271,"Klein, M. G., 1990.  Efficacy against soil-inhabiting insect pests, in Entomopathogenic Nematodes in Biological Control (Gaugler, R. and Kaya, H. K., Eds) CRC Press, Boca Raton, FL, pp. 195-214.","Popillia japonica","Heterorhabditis bacteriophora"
"145",151,1271,"Klein, M. G., 1990.  Efficacy against soil-inhabiting insect pests, in Entomopathogenic Nematodes in Biological Control (Gaugler, R. and Kaya, H. K., Eds) CRC Press, Boca Raton, FL, pp. 195-214.","Cyclocephala borealis","Steinernema carpocapsae"
"146",152,1271,"Klein, M. G., 1990.  Efficacy against soil-inhabiting insect pests, in Entomopathogenic Nematodes in Biological Control (Gaugler, R. and Kaya, H. K., Eds) CRC Press, Boca Raton, FL, pp. 195-214.","Cyclocephala borealis","Heterorhabditis bacteriophora"
"147",153,1271,"Klein, M. G., 1990.  Efficacy against soil-inhabiting insect pests, in Entomopathogenic Nematodes in Biological Control (Gaugler, R. and Kaya, H. K., Eds) CRC Press, Boca Raton, FL, pp. 195-214.","Cyclocephala hirta","Heterorhabditis bacteriophora"
"148",154,1271,"Klein, M. G., 1990.  Efficacy against soil-inhabiting insect pests, in Entomopathogenic Nematodes in Biological Control (Gaugler, R. and Kaya, H. K., Eds) CRC Press, Boca Raton, FL, pp. 195-214.","Popillia japonica","Heterorhabditis bacteriophora"
"149",155,1271,"Klein, M. G., 1990.  Efficacy against soil-inhabiting insect pests, in Entomopathogenic Nematodes in Biological Control (Gaugler, R. and Kaya, H. K., Eds) CRC Press, Boca Raton, FL, pp. 195-214.","Popillia japonica","Heterorhabditis sp."
"150",156,1271,"Klein, M. G., 1990.  Efficacy against soil-inhabiting insect pests, in Entomopathogenic Nematodes in Biological Control (Gaugler, R. and Kaya, H. K., Eds) CRC Press, Boca Raton, FL, pp. 195-214.","Popillia japonica","Steinernema carpocapsae"
"151",157,1271,"Klein, M. G., 1990.  Efficacy against soil-inhabiting insect pests, in Entomopathogenic Nematodes in Biological Control (Gaugler, R. and Kaya, H. K., Eds) CRC Press, Boca Raton, FL, pp. 195-214.","Rhizotrogus majalis","Steinernema carpocapsae"
"152",158,1271,"Klein, M. G., 1990.  Efficacy against soil-inhabiting insect pests, in Entomopathogenic Nematodes in Biological Control (Gaugler, R. and Kaya, H. K., Eds) CRC Press, Boca Raton, FL, pp. 195-214.","Rhizotrogus majalis","Steinernema glaseri"
"153",159,1271,"Klein, M. G., 1990.  Efficacy against soil-inhabiting insect pests, in Entomopathogenic Nematodes in Biological Control (Gaugler, R. and Kaya, H. K., Eds) CRC Press, Boca Raton, FL, pp. 195-214.","Rhizotrogus majalis","Heterorhabditis bacteriophora"
"154",160,1271,"Klein, M. G., 1990.  Efficacy against soil-inhabiting insect pests, in Entomopathogenic Nematodes in Biological Control (Gaugler, R. and Kaya, H. K., Eds) CRC Press, Boca Raton, FL, pp. 195-214.","Rhizotrogus majalis","Heterorhabditis sp."
"155",161,1274,"Peters, A., 1996.  The natural host range of Steinernema and Heterorhabditis spp. and their impact on insect populations.  Biocontrol Science and Technology 6: 389-402.","Phyllopertha horticola","Heterorhabditis megidis"
"156",162,1271,"Klein, M. G., 1990.  Efficacy against soil-inhabiting insect pests, in Entomopathogenic Nematodes in Biological Control (Gaugler, R. and Kaya, H. K., Eds) CRC Press, Boca Raton, FL, pp. 195-214.","Costelytra zealandica","Steinernema glaseri"
"157",163,1271,"Klein, M. G., 1990.  Efficacy against soil-inhabiting insect pests, in Entomopathogenic Nematodes in Biological Control (Gaugler, R. and Kaya, H. K., Eds) CRC Press, Boca Raton, FL, pp. 195-214.","Costelytra zealandica","Heterorhabditis bacteriophora"
"158",164,1271,"Klein, M. G., 1990.  Efficacy against soil-inhabiting insect pests, in Entomopathogenic Nematodes in Biological Control (Gaugler, R. and Kaya, H. K., Eds) CRC Press, Boca Raton, FL, pp. 195-214.","Adoryphorus couloni","Steinernema glaseri"
"159",165,1271,"Klein, M. G., 1990.  Efficacy against soil-inhabiting insect pests, in Entomopathogenic Nematodes in Biological Control (Gaugler, R. and Kaya, H. K., Eds) CRC Press, Boca Raton, FL, pp. 195-214.","Alissonotum impressicolle","Steinernema glaseri"
"160",166,1271,"Klein, M. G., 1990.  Efficacy against soil-inhabiting insect pests, in Entomopathogenic Nematodes in Biological Control (Gaugler, R. and Kaya, H. K., Eds) CRC Press, Boca Raton, FL, pp. 195-214.","Ligyrus subtropicus","Steinernema glaseri"
"161",167,1271,"Klein, M. G., 1990.  Efficacy against soil-inhabiting insect pests, in Entomopathogenic Nematodes in Biological Control (Gaugler, R. and Kaya, H. K., Eds) CRC Press, Boca Raton, FL, pp. 195-214.","Alissonotum impressicolle","Heterorhabditis sp."
"162",168,1271,"Klein, M. G., 1990.  Efficacy against soil-inhabiting insect pests, in Entomopathogenic Nematodes in Biological Control (Gaugler, R. and Kaya, H. K., Eds) CRC Press, Boca Raton, FL, pp. 195-214.","Ligyrus subtropicus","Steinernema carpocapsae"
"163",169,1271,"Klein, M. G., 1990.  Efficacy against soil-inhabiting insect pests, in Entomopathogenic Nematodes in Biological Control (Gaugler, R. and Kaya, H. K., Eds) CRC Press, Boca Raton, FL, pp. 195-214.","Popillia japonica","Steinernema carpocapsae"
"164",170,1271,"Klein, M. G., 1990.  Efficacy against soil-inhabiting insect pests, in Entomopathogenic Nematodes in Biological Control (Gaugler, R. and Kaya, H. K., Eds) CRC Press, Boca Raton, FL, pp. 195-214.","Otiorhynchus sulcatus","Heterorhabditis bacteriophora"
"165",171,1271,"Klein, M. G., 1990.  Efficacy against soil-inhabiting insect pests, in Entomopathogenic Nematodes in Biological Control (Gaugler, R. and Kaya, H. K., Eds) CRC Press, Boca Raton, FL, pp. 195-214.","Otiorhynchus sulcatus","Heterorhabditis bacteriophora"
"166",172,1271,"Klein, M. G., 1990.  Efficacy against soil-inhabiting insect pests, in Entomopathogenic Nematodes in Biological Control (Gaugler, R. and Kaya, H. K., Eds) CRC Press, Boca Raton, FL, pp. 195-214.","Otiorhynchus sulcatus","Heterorhabditis sp."
"167",173,1271,"Klein, M. G., 1990.  Efficacy against soil-inhabiting insect pests, in Entomopathogenic Nematodes in Biological Control (Gaugler, R. and Kaya, H. K., Eds) CRC Press, Boca Raton, FL, pp. 195-214.","Otiorhynchus ovatus","Steinernema carpocapsae"
"168",174,1271,"Klein, M. G., 1990.  Efficacy against soil-inhabiting insect pests, in Entomopathogenic Nematodes in Biological Control (Gaugler, R. and Kaya, H. K., Eds) CRC Press, Boca Raton, FL, pp. 195-214.","Otiorhynchus ovatus","Steinernema glaseri"
"169",175,1271,"Klein, M. G., 1990.  Efficacy against soil-inhabiting insect pests, in Entomopathogenic Nematodes in Biological Control (Gaugler, R. and Kaya, H. K., Eds) CRC Press, Boca Raton, FL, pp. 195-214.","Otiorhynchus ovatus","Heterorhabditis bacteriophora"
"170",176,1271,"Klein, M. G., 1990.  Efficacy against soil-inhabiting insect pests, in Entomopathogenic Nematodes in Biological Control (Gaugler, R. and Kaya, H. K., Eds) CRC Press, Boca Raton, FL, pp. 195-214.","Diaprepes abbreviatus","Steinernema carpocapsae"
"171",177,1271,"Klein, M. G., 1990.  Efficacy against soil-inhabiting insect pests, in Entomopathogenic Nematodes in Biological Control (Gaugler, R. and Kaya, H. K., Eds) CRC Press, Boca Raton, FL, pp. 195-214.","Diaprepes abbreviatus","Steinernema glaseri"
"172",178,1271,"Klein, M. G., 1990.  Efficacy against soil-inhabiting insect pests, in Entomopathogenic Nematodes in Biological Control (Gaugler, R. and Kaya, H. K., Eds) CRC Press, Boca Raton, FL, pp. 195-214.","Graphognathus sp.","Steinernema carpocapsae"
"173",179,1271,"Klein, M. G., 1990.  Efficacy against soil-inhabiting insect pests, in Entomopathogenic Nematodes in Biological Control (Gaugler, R. and Kaya, H. K., Eds) CRC Press, Boca Raton, FL, pp. 195-214.","Graphognathus sp.","Steinernema glaseri"
"174",180,1271,"Klein, M. G., 1990.  Efficacy against soil-inhabiting insect pests, in Entomopathogenic Nematodes in Biological Control (Gaugler, R. and Kaya, H. K., Eds) CRC Press, Boca Raton, FL, pp. 195-214.","Hylobius abietis","Steinernema carpocapsae"
"175",181,1271,"Klein, M. G., 1990.  Efficacy against soil-inhabiting insect pests, in Entomopathogenic Nematodes in Biological Control (Gaugler, R. and Kaya, H. K., Eds) CRC Press, Boca Raton, FL, pp. 195-214.","Curculio caryae","Steinernema carpocapsae"
"176",182,1271,"Klein, M. G., 1990.  Efficacy against soil-inhabiting insect pests, in Entomopathogenic Nematodes in Biological Control (Gaugler, R. and Kaya, H. K., Eds) CRC Press, Boca Raton, FL, pp. 195-214.","Sphenophorus parvulus","Steinernema carpocapsae"
"177",183,1271,"Klein, M. G., 1990.  Efficacy against soil-inhabiting insect pests, in Entomopathogenic Nematodes in Biological Control (Gaugler, R. and Kaya, H. K., Eds) CRC Press, Boca Raton, FL, pp. 195-214.","Sphenophorus parvulus","Heterorhabditis bacteriophora"
"178",8,1301,"Begley, J. W., 1990.  Efficacy against insect in habitats other than soil, in Entomopathogenic Nematodes in Biological Control (Gaugler, R. and Kaya, H. K., Eds) CRC Press, Boca Raton, FL, pp. 195-214.","Anasa tristis","Steinernema carpocapsae"
"179",184,1301,"Begley, J. W., 1990.  Efficacy against insect in habitats other than soil, in Entomopathogenic Nematodes in Biological Control (Gaugler, R. and Kaya, H. K., Eds) CRC Press, Boca Raton, FL, pp. 195-214.","Holcocerus insularis","Steinernema affinis"
"180",9,1301,"Begley, J. W., 1990.  Efficacy against insect in habitats other than soil, in Entomopathogenic Nematodes in Biological Control (Gaugler, R. and Kaya, H. K., Eds) CRC Press, Boca Raton, FL, pp. 195-214.","Amyelois transitella","Steinernema carpocapsae"
"181",185,1301,"Begley, J. W., 1990.  Efficacy against insect in habitats other than soil, in Entomopathogenic Nematodes in Biological Control (Gaugler, R. and Kaya, H. K., Eds) CRC Press, Boca Raton, FL, pp. 195-214.","Cydia pomonella","Steinernema carpocapsae"
"182",186,1301,"Begley, J. W., 1990.  Efficacy against insect in habitats other than soil, in Entomopathogenic Nematodes in Biological Control (Gaugler, R. and Kaya, H. K., Eds) CRC Press, Boca Raton, FL, pp. 195-214.","Platyptilia carduidactyla","Steinernema carpocapsae"
"183",187,1301,"Begley, J. W., 1990.  Efficacy against insect in habitats other than soil, in Entomopathogenic Nematodes in Biological Control (Gaugler, R. and Kaya, H. K., Eds) CRC Press, Boca Raton, FL, pp. 195-214.","Monochamus alternatus","Steinernema carpocapsae"
"184",188,1301,"Begley, J. W., 1990.  Efficacy against insect in habitats other than soil, in Entomopathogenic Nematodes in Biological Control (Gaugler, R. and Kaya, H. K., Eds) CRC Press, Boca Raton, FL, pp. 195-214.","Monochamus alternatus","Steinernema glaseri"
"185",10,1301,"Begley, J. W., 1990.  Efficacy against insect in habitats other than soil, in Entomopathogenic Nematodes in Biological Control (Gaugler, R. and Kaya, H. K., Eds) CRC Press, Boca Raton, FL, pp. 195-214.","Monochamus alternatus","Steinernema feltiae"
"186",189,1301,"Begley, J. W., 1990.  Efficacy against insect in habitats other than soil, in Entomopathogenic Nematodes in Biological Control (Gaugler, R. and Kaya, H. K., Eds) CRC Press, Boca Raton, FL, pp. 195-214.","Monochamus alternatus","Heterorhabditis bacteriophora"
"187",190,1301,"Begley, J. W., 1990.  Efficacy against insect in habitats other than soil, in Entomopathogenic Nematodes in Biological Control (Gaugler, R. and Kaya, H. K., Eds) CRC Press, Boca Raton, FL, pp. 195-214.","Liriomyza trifolii","Steinernema carpocapsae"
"188",191,1301,"Begley, J. W., 1990.  Efficacy against insect in habitats other than soil, in Entomopathogenic Nematodes in Biological Control (Gaugler, R. and Kaya, H. K., Eds) CRC Press, Boca Raton, FL, pp. 195-214.","Blattella germanica","Steinernema carpocapsae"
"189",227,1301,"Begley, J. W., 1990.  Efficacy against insect in habitats other than soil, in Entomopathogenic Nematodes in Biological Control (Gaugler, R. and Kaya, H. K., Eds) CRC Press, Boca Raton, FL, pp. 195-214.","Periplaneta americana","Heterorhabditis zealandica"
"190",20,1301,"Begley, J. W., 1990.  Efficacy against insect in habitats other than soil, in Entomopathogenic Nematodes in Biological Control (Gaugler, R. and Kaya, H. K., Eds) CRC Press, Boca Raton, FL, pp. 195-214.","Musca domestica","Heterorhabditis bacteriophora"
"191",21,1301,"Begley, J. W., 1990.  Efficacy against insect in habitats other than soil, in Entomopathogenic Nematodes in Biological Control (Gaugler, R. and Kaya, H. K., Eds) CRC Press, Boca Raton, FL, pp. 195-214.","Musca domestica","Steinernema carpocapsae"
"192",192,1301,"Begley, J. W., 1990.  Efficacy against insect in habitats other than soil, in Entomopathogenic Nematodes in Biological Control (Gaugler, R. and Kaya, H. K., Eds) CRC Press, Boca Raton, FL, pp. 195-214.","Lycoriella auripila","Steinernema carpocapsae"
"193",11,1301,"Begley, J. W., 1990.  Efficacy against insect in habitats other than soil, in Entomopathogenic Nematodes in Biological Control (Gaugler, R. and Kaya, H. K., Eds) CRC Press, Boca Raton, FL, pp. 195-214.","Lycoriella auripila","Steinernema feltiae"
"194",22,1301,"Begley, J. W., 1990.  Efficacy against insect in habitats other than soil, in Entomopathogenic Nematodes in Biological Control (Gaugler, R. and Kaya, H. K., Eds) CRC Press, Boca Raton, FL, pp. 195-214.","Lycoriella auripila","Heterorhabditis bacteriophora"
"195",193,1301,"Begley, J. W., 1990.  Efficacy against insect in habitats other than soil, in Entomopathogenic Nematodes in Biological Control (Gaugler, R. and Kaya, H. K., Eds) CRC Press, Boca Raton, FL, pp. 195-214.","Alphitobius diaperinus","Steinernema carpocapsae"
"196",194,1301,"Begley, J. W., 1990.  Efficacy against insect in habitats other than soil, in Entomopathogenic Nematodes in Biological Control (Gaugler, R. and Kaya, H. K., Eds) CRC Press, Boca Raton, FL, pp. 195-214.","Lissorhoptrus oryzophilus","Steinernema carpocapsae"
"197",23,1293,"Nguyen, K. B. and Smart, G. C., 1991. Pathogenicity of Steinernema scapterisci to selected invertebrates.  Journal of Nematology 23: 7-11.","Gryllus sp.","Steinernema scapterisci"
"198",24,1293,"Nguyen, K. B. and Smart, G. C., 1991. Pathogenicity of Steinernema scapterisci to selected invertebrates.  Journal of Nematology 23: 7-11.","Periplaneta americana","Steinernema scapterisci"
"199",25,1293,"Nguyen, K. B. and Smart, G. C., 1991. Pathogenicity of Steinernema scapterisci to selected invertebrates.  Journal of Nematology 23: 7-11.","Scapteriscus abbreviatus","Steinernema scapterisci"
"200",26,1293,"Nguyen, K. B. and Smart, G. C., 1991. Pathogenicity of Steinernema scapterisci to selected invertebrates.  Journal of Nematology 23: 7-11.","Anticarsia gemmatalis","Steinernema scapterisci"
"201",27,1293,"Nguyen, K. B. and Smart, G. C., 1991. Pathogenicity of Steinernema scapterisci to selected invertebrates.  Journal of Nematology 23: 7-11.","Feltia subterranea","Steinernema scapterisci"
"202",28,1293,"Nguyen, K. B. and Smart, G. C., 1991. Pathogenicity of Steinernema scapterisci to selected invertebrates.  Journal of Nematology 23: 7-11.","Galleria mellonella","Steinernema scapterisci"
"203",29,1293,"Nguyen, K. B. and Smart, G. C., 1991. Pathogenicity of Steinernema scapterisci to selected invertebrates.  Journal of Nematology 23: 7-11.","Spodoptera frugiperda","Steinernema scapterisci"
"204",30,1293,"Nguyen, K. B. and Smart, G. C., 1991. Pathogenicity of Steinernema scapterisci to selected invertebrates.  Journal of Nematology 23: 7-11.","Apis mellifera","Steinernema scapterisci"
"205",195,1307,"Koppenhofer, A., observer.  Department of Nematology, University of California-Davis, Davis, CA 95616.","Sphenophorus venatus","Heterorhabditis bacteriophora"
"206",196,1271,"Klein, M. G., 1990.  Efficacy against soil-inhabiting insect pests, in Entomopathogenic Nematodes in Biological Control (Gaugler, R. and Kaya, H. K., Eds) CRC Press, Boca Raton, FL, pp. 195-214.","Cyclocephala borealis","Steinernema carpocapsae"
"207",197,1271,"Klein, M. G., 1990.  Efficacy against soil-inhabiting insect pests, in Entomopathogenic Nematodes in Biological Control (Gaugler, R. and Kaya, H. K., Eds) CRC Press, Boca Raton, FL, pp. 195-214.","Cyclocephala borealis","Steinernema carpocapsae"
"208",198,1271,"Klein, M. G., 1990.  Efficacy against soil-inhabiting insect pests, in Entomopathogenic Nematodes in Biological Control (Gaugler, R. and Kaya, H. K., Eds) CRC Press, Boca Raton, FL, pp. 195-214.","Cyclocephala borealis","Steinernema carpocapsae"
"209",199,1271,"Klein, M. G., 1990.  Efficacy against soil-inhabiting insect pests, in Entomopathogenic Nematodes in Biological Control (Gaugler, R. and Kaya, H. K., Eds) CRC Press, Boca Raton, FL, pp. 195-214.","Cyclocephala borealis","Steinernema carpocapsae"
"210",200,1271,"Klein, M. G., 1990.  Efficacy against soil-inhabiting insect pests, in Entomopathogenic Nematodes in Biological Control (Gaugler, R. and Kaya, H. K., Eds) CRC Press, Boca Raton, FL, pp. 195-214.","Cyclocephala borealis","Steinernema carpocapsae"
"211",201,1271,"Klein, M. G., 1990.  Efficacy against soil-inhabiting insect pests, in Entomopathogenic Nematodes in Biological Control (Gaugler, R. and Kaya, H. K., Eds) CRC Press, Boca Raton, FL, pp. 195-214.","Cyclocephala borealis","Steinernema carpocapsae"
"212",202,1271,"Klein, M. G., 1990.  Efficacy against soil-inhabiting insect pests, in Entomopathogenic Nematodes in Biological Control (Gaugler, R. and Kaya, H. K., Eds) CRC Press, Boca Raton, FL, pp. 195-214.","Cyclocephala borealis","Steinernema anomali"
"213",203,1271,"Klein, M. G., 1990.  Efficacy against soil-inhabiting insect pests, in Entomopathogenic Nematodes in Biological Control (Gaugler, R. and Kaya, H. K., Eds) CRC Press, Boca Raton, FL, pp. 195-214.","Cyclocephala borealis","Steinernema glaseri"
"214",204,1271,"Klein, M. G., 1990.  Efficacy against soil-inhabiting insect pests, in Entomopathogenic Nematodes in Biological Control (Gaugler, R. and Kaya, H. K., Eds) CRC Press, Boca Raton, FL, pp. 195-214.","Cyclocephala borealis","Heterorhabditis bacteriophora"
"215",205,1271,"Klein, M. G., 1990.  Efficacy against soil-inhabiting insect pests, in Entomopathogenic Nematodes in Biological Control (Gaugler, R. and Kaya, H. K., Eds) CRC Press, Boca Raton, FL, pp. 195-214.","Cyclocephala borealis","Heterorhabditis megidis"
"216",206,1271,"Klein, M. G., 1990.  Efficacy against soil-inhabiting insect pests, in Entomopathogenic Nematodes in Biological Control (Gaugler, R. and Kaya, H. K., Eds) CRC Press, Boca Raton, FL, pp. 195-214.","Popillia japonica","Steinernema carpocapsae"
"217",207,1271,"Klein, M. G., 1990.  Efficacy against soil-inhabiting insect pests, in Entomopathogenic Nematodes in Biological Control (Gaugler, R. and Kaya, H. K., Eds) CRC Press, Boca Raton, FL, pp. 195-214.","Popillia japonica","Steinernema carpocapsae"
"218",208,1271,"Klein, M. G., 1990.  Efficacy against soil-inhabiting insect pests, in Entomopathogenic Nematodes in Biological Control (Gaugler, R. and Kaya, H. K., Eds) CRC Press, Boca Raton, FL, pp. 195-214.","Popillia japonica","Steinernema carpocapsae"
"219",209,1271,"Klein, M. G., 1990.  Efficacy against soil-inhabiting insect pests, in Entomopathogenic Nematodes in Biological Control (Gaugler, R. and Kaya, H. K., Eds) CRC Press, Boca Raton, FL, pp. 195-214.","Popillia japonica","Steinernema carpocapsae"
"220",210,1271,"Klein, M. G., 1990.  Efficacy against soil-inhabiting insect pests, in Entomopathogenic Nematodes in Biological Control (Gaugler, R. and Kaya, H. K., Eds) CRC Press, Boca Raton, FL, pp. 195-214.","Popillia japonica","Steinernema carpocapsae"
"221",211,1271,"Klein, M. G., 1990.  Efficacy against soil-inhabiting insect pests, in Entomopathogenic Nematodes in Biological Control (Gaugler, R. and Kaya, H. K., Eds) CRC Press, Boca Raton, FL, pp. 195-214.","Popillia japonica","Steinernema carpocapsae"
"222",212,1271,"Klein, M. G., 1990.  Efficacy against soil-inhabiting insect pests, in Entomopathogenic Nematodes in Biological Control (Gaugler, R. and Kaya, H. K., Eds) CRC Press, Boca Raton, FL, pp. 195-214.","Popillia japonica","Steinernema anomali"
"223",213,1271,"Klein, M. G., 1990.  Efficacy against soil-inhabiting insect pests, in Entomopathogenic Nematodes in Biological Control (Gaugler, R. and Kaya, H. K., Eds) CRC Press, Boca Raton, FL, pp. 195-214.","Popillia japonica","Steinernema glaseri"
"224",214,1271,"Klein, M. G., 1990.  Efficacy against soil-inhabiting insect pests, in Entomopathogenic Nematodes in Biological Control (Gaugler, R. and Kaya, H. K., Eds) CRC Press, Boca Raton, FL, pp. 195-214.","Popillia japonica","Heterorhabditis bacteriophora"
"225",215,1237,"Poinar, G. O., Jr., 1992. Nematodes associated with Scarabaeidae, in  Use of Pathogens in Scarab Pest Management (Jackson, T.A. & Glare, T.R., eds.) Intercept, Andover. pp 93-109","Melolontha afflicta","Steinernema bothynodera"
"226",216,1237,"Poinar, G. O., Jr., 1992. Nematodes associated with Scarabaeidae, in  Use of Pathogens in Scarab Pest Management (Jackson, T.A. & Glare, T.R., eds.) Intercept, Andover. pp 93-109","Amphimallon solstitialis","Steinernema georgica"
"227",217,1310,"Bathon, H., 1996. Impact of entomopathogenic nematodes on non-target hosts.  Biocontrol Science and technology 6: 421-434.","Eupeodes corollae","Steinernema feltiae"
"228",218,1310,"Bathon, H., 1996. Impact of entomopathogenic nematodes on non-target hosts.  Biocontrol Science and technology 6: 421-434.","Eupeodes corollae","Heterorhabditis bacteriophora"
"229",219,1310,"Bathon, H., 1996. Impact of entomopathogenic nematodes on non-target hosts.  Biocontrol Science and technology 6: 421-434.","Pterostichus cupreus","Heterorhabditis bacteriophora"
"230",220,1310,"Bathon, H., 1996. Impact of entomopathogenic nematodes on non-target hosts.  Biocontrol Science and technology 6: 421-434.","Pterostichus cupreus","Heterorhabditis bacteriophora"
"231",221,1310,"Bathon, H., 1996. Impact of entomopathogenic nematodes on non-target hosts.  Biocontrol Science and technology 6: 421-434.","Pterostichus cupreus","Heterorhabditis sp."
"232",222,1310,"Bathon, H., 1996. Impact of entomopathogenic nematodes on non-target hosts.  Biocontrol Science and technology 6: 421-434.","Platynus dorsalis","Heterorhabditis sp."
"233",223,1310,"Bathon, H., 1996. Impact of entomopathogenic nematodes on non-target hosts.  Biocontrol Science and technology 6: 421-434.","Eupeodes corollae","Heterorhabditis sp."
"234",224,1310,"Bathon, H., 1996. Impact of entomopathogenic nematodes on non-target hosts.  Biocontrol Science and technology 6: 421-434.","Pterostichus cupreus","Steinernema feltiae"
"235",31,1310,"Bathon, H., 1996. Impact of entomopathogenic nematodes on non-target hosts.  Biocontrol Science and technology 6: 421-434.","Platynus dorsalis","Steinernema feltiae"
"236",33,1274,"Peters, A., 1996.  The natural host range of Steinernema and Heterorhabditis spp. and their impact on insect populations.  Biocontrol Science and Technology 6: 389-402.","Bibio hortulana","Steinernema affinis"
"237",36,1274,"Peters, A., 1996.  The natural host range of Steinernema and Heterorhabditis spp. and their impact on insect populations.  Biocontrol Science and Technology 6: 389-402.","Anomala dubia","Steinernema arenarium"
"238",37,1274,"Peters, A., 1996.  The natural host range of Steinernema and Heterorhabditis spp. and their impact on insect populations.  Biocontrol Science and Technology 6: 389-402.","Anomala dubia","Steinernema arenarium"
"239",39,1274,"Peters, A., 1996.  The natural host range of Steinernema and Heterorhabditis spp. and their impact on insect populations.  Biocontrol Science and Technology 6: 389-402.","Agriotes lineatus","Steinernema carpocapsae"
"240",40,1275,"Glaser, R. W., McCoy, E. E. and Girth, H. G., 1942.  The biology and culture of Neoaplectana chresima, a new nematode parasitic in insects.  J. Parasitol. 26: 49-495.","Popillia japonica","Steinernema carpocapsae"
"241",41,1274,"Peters, A., 1996.  The natural host range of Steinernema and Heterorhabditis spp. and their impact on insect populations.  Biocontrol Science and Technology 6: 389-402.","Popillia japonica","Steinernema carpocapsae"
"242",42,1277,"Ahmad, R., 1974.  Studies on Graphognathus leucolma (Boh.) Col: Curculionidae and its natural enemies in the central provinces of Argentina.  Tech. Bull. Commonw. Inst. Biol. Control 17: 19-28.","Graphognathus leucoloma","Steinernema carpocapsae"
"243",43,1274,"Peters, A., 1996.  The natural host range of Steinernema and Heterorhabditis spp. and their impact on insect populations.  Biocontrol Science and Technology 6: 389-402.","Otiorhynchus sulcatus","Steinernema carpocapsae"
"244",44,1274,"Peters, A., 1996.  The natural host range of Steinernema and Heterorhabditis spp. and their impact on insect populations.  Biocontrol Science and Technology 6: 389-402.","Cleonis mendicus","Steinernema carpocapsae"
"245",45,1274,"Peters, A., 1996.  The natural host range of Steinernema and Heterorhabditis spp. and their impact on insect populations.  Biocontrol Science and Technology 6: 389-402.","Hylobius pales","Steinernema carpocapsae"
"246",46,1274,"Peters, A., 1996.  The natural host range of Steinernema and Heterorhabditis spp. and their impact on insect populations.  Biocontrol Science and Technology 6: 389-402.","Vespula sp.","Steinernema carpocapsae"
"247",229,1274,"Peters, A., 1996.  The natural host range of Steinernema and Heterorhabditis spp. and their impact on insect populations.  Biocontrol Science and Technology 6: 389-402.","Cephalcia lariciphila","Steinernema carpocapsae"
"248",230,1274,"Peters, A., 1996.  The natural host range of Steinernema and Heterorhabditis spp. and their impact on insect populations.  Biocontrol Science and Technology 6: 389-402.","Rhagoletis pomonella","Steinernema carpocapsae"
"249",47,1279,"Dutky, S. R.; and Hough, W.S., 1955. Note on a parasitic nematode from codling moth larvae, Carpocapsae pomonella.  Proc. Entomol. Soc. Wash. 57:244.","Cydia pomonella","Steinernema carpocapsae"
"250",48,1274,"Peters, A., 1996.  The natural host range of Steinernema and Heterorhabditis spp. and their impact on insect populations.  Biocontrol Science and Technology 6: 389-402.","Cydia pomonella","Steinernema carpocapsae"
"251",49,1274,"Peters, A., 1996.  The natural host range of Steinernema and Heterorhabditis spp. and their impact on insect populations.  Biocontrol Science and Technology 6: 389-402.","Cydia pomonella","Steinernema carpocapsae"
"252",50,1274,"Peters, A., 1996.  The natural host range of Steinernema and Heterorhabditis spp. and their impact on insect populations.  Biocontrol Science and Technology 6: 389-402.","Cydia pomonella","Steinernema carpocapsae"
"253",51,1280,"Sandner, H. and Seryczynska, H., 1971.  Changes in the ultrastructure of the fat-body of Galleria mellonella L. under the influence of invasion by Neoaplectana carpocapsae Weiser (Nematoda, Steinernematidae). Bull. l’Acad. Pol. Sci. 19: 67-69.","Cydia pomonella","Steinernema carpocapsae"
"254",52,1281,"Stanuszek, S. 1974. Neoaplectana feltiae complex (Nematoda: Thabditoidea, Steinernematidae) its taxonomic position within the genus Neoaplectana and intraspecific structure.  Zesz. Probl. Postepów Nauk Roln. 154: 331-360.","Cydia pomonella","Steinernema carpocapsae"
"255",53,1274,"Peters, A., 1996.  The natural host range of Steinernema and Heterorhabditis spp. and their impact on insect populations.  Biocontrol Science and Technology 6: 389-402.","Cydia pomonella","Steinernema carpocapsae"
"256",55,1282,"Stanuszek, S. 1970. Neoaplectana feltiae (Filipjev, 1934) --a facultative parasite of the caterpillars of Agrotinae in Poland.  Zesz. Probl. Postepów Nauk Roln. 154: 331-360.","Agrotis segetum","Steinernema carpocapsae"
"257",56,1275,"Glaser, R. W., McCoy, E. E. and Girth, H. G., 1942.  The biology and culture of Neoaplectana chresima, a new nematode parasitic in insects.  J. Parasitol. 26: 49-495.","Helicoverpa armigera","Steinernema carpocapsae"
"258",226,1274,"Peters, A., 1996.  The natural host range of Steinernema and Heterorhabditis spp. and their impact on insect populations.  Biocontrol Science and Technology 6: 389-402.","Pieris brassicae","Steinernema carpocapsae"
"259",57,1274,"Peters, A., 1996.  The natural host range of Steinernema and Heterorhabditis spp. and their impact on insect populations.  Biocontrol Science and Technology 6: 389-402.","Vitacea polistiformis","Steinernema carpocapsae"
"260",63,1274,"Peters, A., 1996.  The natural host range of Steinernema and Heterorhabditis spp. and their impact on insect populations.  Biocontrol Science and Technology 6: 389-402.","Amphimallon solstitialis","Steinernema feltiae"
"261",65,1274,"Peters, A., 1996.  The natural host range of Steinernema and Heterorhabditis spp. and their impact on insect populations.  Biocontrol Science and Technology 6: 389-402.","Onitis alexis","Steinernema feltiae"
"262",66,1274,"Peters, A., 1996.  The natural host range of Steinernema and Heterorhabditis spp. and their impact on insect populations.  Biocontrol Science and Technology 6: 389-402.","Pentodon algerinum","Steinernema feltiae"
"263",68,1274,"Peters, A., 1996.  The natural host range of Steinernema and Heterorhabditis spp. and their impact on insect populations.  Biocontrol Science and Technology 6: 389-402.","Graphognathus leucoloma","Steinernema feltiae"
"264",69,1286,"Molyneux, A. S., Bedding, R. A. and Akhurst, R. J., 1983.  Susceptibility of larvae of the sheep blowfly Lucilia cuprina to various Heterorhabditis spp., Neoaplectana spp., and an undescribed steinernematid (Nematoda).  J. Invertebr. Pathol. 42: 1-7.","Otiorhynchus sulcatus","Steinernema feltiae"
"265",70,1274,"Peters, A., 1996.  The natural host range of Steinernema and Heterorhabditis spp. and their impact on insect populations.  Biocontrol Science and Technology 6: 389-402.","Otiorhynchus ovatus","Steinernema feltiae"
"266",71,1274,"Peters, A., 1996.  The natural host range of Steinernema and Heterorhabditis spp. and their impact on insect populations.  Biocontrol Science and Technology 6: 389-402.","Otiorhynchus dubius","Steinernema feltiae"
"267",72,1274,"Peters, A., 1996.  The natural host range of Steinernema and Heterorhabditis spp. and their impact on insect populations.  Biocontrol Science and Technology 6: 389-402.","Phyllobius urticae","Steinernema feltiae"
"268",73,1274,"Peters, A., 1996.  The natural host range of Steinernema and Heterorhabditis spp. and their impact on insect populations.  Biocontrol Science and Technology 6: 389-402.","Bothynoderis punctiventris","Steinernema feltiae"
"269",75,1274,"Peters, A., 1996.  The natural host range of Steinernema and Heterorhabditis spp. and their impact on insect populations.  Biocontrol Science and Technology 6: 389-402.","Bibio hortulana","Steinernema feltiae"
"270",76,1274,"Peters, A., 1996.  The natural host range of Steinernema and Heterorhabditis spp. and their impact on insect populations.  Biocontrol Science and Technology 6: 389-402.","Bibio ferruginatus","Steinernema feltiae"
"271",80,1274,"Peters, A., 1996.  The natural host range of Steinernema and Heterorhabditis spp. and their impact on insect populations.  Biocontrol Science and Technology 6: 389-402.","Helicoverpa armigera","Steinernema feltiae"
"272",81,1274,"Peters, A., 1996.  The natural host range of Steinernema and Heterorhabditis spp. and their impact on insect populations.  Biocontrol Science and Technology 6: 389-402.","Crambus simplex","Steinernema feltiae"
"273",82,1274,"Peters, A., 1996.  The natural host range of Steinernema and Heterorhabditis spp. and their impact on insect populations.  Biocontrol Science and Technology 6: 389-402.","Agrotis ipsilon","Steinernema feltiae"
"274",83,1274,"Peters, A., 1996.  The natural host range of Steinernema and Heterorhabditis spp. and their impact on insect populations.  Biocontrol Science and Technology 6: 389-402.","Agrotis segetum","Steinernema feltiae"
"275",85,1274,"Peters, A., 1996.  The natural host range of Steinernema and Heterorhabditis spp. and their impact on insect populations.  Biocontrol Science and Technology 6: 389-402.","Migdolus fryanus","Steinernema glaseri"
"276",86,1276,"Glaser, R. W., 1932.  A pathogenic nematode of the Japanese beetle.  J. Parasitol. 18: 119.","Popillia japonica","Steinernema glaseri"
"277",87,1274,"Peters, A., 1996.  The natural host range of Steinernema and Heterorhabditis spp. and their impact on insect populations.  Biocontrol Science and Technology 6: 389-402.","Strigoderma arboricola","Steinernema glaseri"
"278",88,1274,"Peters, A., 1996.  The natural host range of Steinernema and Heterorhabditis spp. and their impact on insect populations.  Biocontrol Science and Technology 6: 389-402.","Anomala flavipennis","Steinernema glaseri"
"279",232,1274,"Peters, A., 1996.  The natural host range of Steinernema and Heterorhabditis spp. and their impact on insect populations.  Biocontrol Science and Technology 6: 389-402.","Cephalcia abietis","Steinernema kraussei "
"280",89,1274,"Peters, A., 1996.  The natural host range of Steinernema and Heterorhabditis spp. and their impact on insect populations.  Biocontrol Science and Technology 6: 389-402.","Cephalcia abietis","Steinernema kraussei"
"281",92,1274,"Peters, A., 1996.  The natural host range of Steinernema and Heterorhabditis spp. and their impact on insect populations.  Biocontrol Science and Technology 6: 389-402.","Cephalcia falleni","Steinernema kraussei"
"282",93,1274,"Peters, A., 1996.  The natural host range of Steinernema and Heterorhabditis spp. and their impact on insect populations.  Biocontrol Science and Technology 6: 389-402.","Anomala cuprea","Steinernema kushidai"
"283",13,1274,"Peters, A., 1996.  The natural host range of Steinernema and Heterorhabditis spp. and their impact on insect populations.  Biocontrol Science and Technology 6: 389-402.","Neocurtilla hexadactyla","Steinernema neocurtillis"
"284",94,1274,"Peters, A., 1996.  The natural host range of Steinernema and Heterorhabditis spp. and their impact on insect populations.  Biocontrol Science and Technology 6: 389-402.","Heliothis sp.","Steinernema rarum"
"285",233,1274,"Peters, A., 1996.  The natural host range of Steinernema and Heterorhabditis spp. and their impact on insect populations.  Biocontrol Science and Technology 6: 389-402.","Helicoverpa zea","Steinernema riobravis"
"286",234,1274,"Peters, A., 1996.  The natural host range of Steinernema and Heterorhabditis spp. and their impact on insect populations.  Biocontrol Science and Technology 6: 389-402.","Spodoptera frugiperda","Steinernema riobravis"
"287",14,1274,"Peters, A., 1996.  The natural host range of Steinernema and Heterorhabditis spp. and their impact on insect populations.  Biocontrol Science and Technology 6: 389-402.","Scapteriscus vicinus","Steinernema scapterisci"
"288",95,1274,"Peters, A., 1996.  The natural host range of Steinernema and Heterorhabditis spp. and their impact on insect populations.  Biocontrol Science and Technology 6: 389-402.","Scapteriscus borellii","Steinernema scapterisci"
"289",16,1274,"Peters, A., 1996.  The natural host range of Steinernema and Heterorhabditis spp. and their impact on insect populations.  Biocontrol Science and Technology 6: 389-402.","Scapteriscus borellii","Steinernema scapterisci"
"290",98,1274,"Peters, A., 1996.  The natural host range of Steinernema and Heterorhabditis spp. and their impact on insect populations.  Biocontrol Science and Technology 6: 389-402.","Scitala sericans","Steinernema sp."
"291",99,1274,"Peters, A., 1996.  The natural host range of Steinernema and Heterorhabditis spp. and their impact on insect populations.  Biocontrol Science and Technology 6: 389-402.","Adoryphorus couloni","Steinernema sp."
"292",101,1274,"Peters, A., 1996.  The natural host range of Steinernema and Heterorhabditis spp. and their impact on insect populations.  Biocontrol Science and Technology 6: 389-402.","Graphognathus sp.","Steinernema sp."
"293",105,1274,"Peters, A., 1996.  The natural host range of Steinernema and Heterorhabditis spp. and their impact on insect populations.  Biocontrol Science and Technology 6: 389-402.","Agrotis ipsilon","Steinernema sp."
"294",106,1274,"Peters, A., 1996.  The natural host range of Steinernema and Heterorhabditis spp. and their impact on insect populations.  Biocontrol Science and Technology 6: 389-402.","Agrotis segetum","Steinernema sp."
"295",228,1274,"Peters, A., 1996.  The natural host range of Steinernema and Heterorhabditis spp. and their impact on insect populations.  Biocontrol Science and Technology 6: 389-402.","Reticulitermes flavipes","Neosteinernema longicurvicaudum"
"296",108,1274,"Peters, A., 1996.  The natural host range of Steinernema and Heterorhabditis spp. and their impact on insect populations.  Biocontrol Science and Technology 6: 389-402.","Popillia japonica","Heterorhabditis bacteriophora"
"297",110,1274,"Peters, A., 1996.  The natural host range of Steinernema and Heterorhabditis spp. and their impact on insect populations.  Biocontrol Science and Technology 6: 389-402.","Cyclocephala hirta","Heterorhabditis bacteriophora"
"298",111,1290,"Poinar, G. O., Jr. and Georgis, R., 1990.  Characterization and field application of Heterorhabditis bacteriophora strain HP88 (Heterorhabditidae: Rhabditida). Rev. Nématol. 13: 387-393.","Phyllophaga sp.","Heterorhabditis bacteriophora"
"299",112,1274,"Peters, A., 1996.  The natural host range of Steinernema and Heterorhabditis spp. and their impact on insect populations.  Biocontrol Science and Technology 6: 389-402.","Diabrotica balteata","Heterorhabditis bacteriophora"
"300",113,1274,"Peters, A., 1996.  The natural host range of Steinernema and Heterorhabditis spp. and their impact on insect populations.  Biocontrol Science and Technology 6: 389-402.","Curculio caryae","Heterorhabditis bacteriophora"
"301",114,1274,"Peters, A., 1996.  The natural host range of Steinernema and Heterorhabditis spp. and their impact on insect populations.  Biocontrol Science and Technology 6: 389-402.","Diaprepes abbreviatus","Heterorhabditis bacteriophora"
"302",115,1274,"Peters, A., 1996.  The natural host range of Steinernema and Heterorhabditis spp. and their impact on insect populations.  Biocontrol Science and Technology 6: 389-402.","Diaprepes abbreviatus","Heterorhabditis bacteriophora"
"303",116,1274,"Peters, A., 1996.  The natural host range of Steinernema and Heterorhabditis spp. and their impact on insect populations.  Biocontrol Science and Technology 6: 389-402.","Helicoverpa punctigera","Heterorhabditis bacteriophora"
"304",117,1274,"Peters, A., 1996.  The natural host range of Steinernema and Heterorhabditis spp. and their impact on insect populations.  Biocontrol Science and Technology 6: 389-402.","Helicoverpa zea","Heterorhabditis bacteriophora"
"305",118,1274,"Peters, A., 1996.  The natural host range of Steinernema and Heterorhabditis spp. and their impact on insect populations.  Biocontrol Science and Technology 6: 389-402.","Diatraea grandiosella","Heterorhabditis bacteriophora"
"306",120,1274,"Peters, A., 1996.  The natural host range of Steinernema and Heterorhabditis spp. and their impact on insect populations.  Biocontrol Science and Technology 6: 389-402.","Popillia japonica","Heterorhabditis megidis"
"307",129,1274,"Peters, A., 1996.  The natural host range of Steinernema and Heterorhabditis spp. and their impact on insect populations.  Biocontrol Science and Technology 6: 389-402.","Heteronychus arator","Heterorhabditis zealandica"
"308",135,1274,"Peters, A., 1996.  The natural host range of Steinernema and Heterorhabditis spp. and their impact on insect populations.  Biocontrol Science and Technology 6: 389-402.","Lepidiota crinita","Heterorhabditis sp."
"309",136,1274,"Peters, A., 1996.  The natural host range of Steinernema and Heterorhabditis spp. and their impact on insect populations.  Biocontrol Science and Technology 6: 389-402.","Lepidiota negatoria","Heterorhabditis sp."
"310",137,1274,"Peters, A., 1996.  The natural host range of Steinernema and Heterorhabditis spp. and their impact on insect populations.  Biocontrol Science and Technology 6: 389-402.","Lepidiota picticollis","Heterorhabditis sp."
"311",138,1274,"Peters, A., 1996.  The natural host range of Steinernema and Heterorhabditis spp. and their impact on insect populations.  Biocontrol Science and Technology 6: 389-402.","Antitrogus consanguineus","Heterorhabditis sp."
"312",139,1274,"Peters, A., 1996.  The natural host range of Steinernema and Heterorhabditis spp. and their impact on insect populations.  Biocontrol Science and Technology 6: 389-402.","Graphognathus leucoloma","Heterorhabditis sp."
"313",140,1247,"Akhurst, R. J., Bedding, R. A., Bull, R. M. and Smith, D.R.J., 1992. An epizootic of Heterorhabditis spp. (Heterorhabditidae: Nematoda) in sugar cane scarabaeids (Coleoptera). Fundamental and Applied Nematology 15: 71-73.","Graphognathus leucoloma","Heterorhabditis sp."
"314",141,1274,"Peters, A., 1996.  The natural host range of Steinernema and Heterorhabditis spp. and their impact on insect populations.  Biocontrol Science and Technology 6: 389-402.","Cylas formicarius","Heterorhabditis sp."
"315",142,1274,"Peters, A., 1996.  The natural host range of Steinernema and Heterorhabditis spp. and their impact on insect populations.  Biocontrol Science and Technology 6: 389-402.","Pachnaeus litus","Heterorhabditis sp."
"316",147,1274,"Peters, A., 1996.  The natural host range of Steinernema and Heterorhabditis spp. and their impact on insect populations.  Biocontrol Science and Technology 6: 389-402.","Heteronychus arator","Heterorhabditis zealandica"
"317",148,1228,"Glare, T.R., O’Callaghan, M., and Wigley, P.J. 1993. Checklist of naturally occurring entomopathogens microbes and nematodes in New Zealand.  New Zealand Journal of Zoology 20: 95-120. ","Costelytra zealandica","Cephalobellus costelytrae"
"318",1,1228,"Glare, T.R., O’Callaghan, M., and Wigley, P.J. 1993. Checklist of naturally occurring entomopathogens microbes and nematodes in New Zealand.  New Zealand Journal of Zoology 20: 95-120. ","Austrosimulium multicorne","Austromemermis namis"
"319",2,1228,"Glare, T.R., O’Callaghan, M., and Wigley, P.J. 1993. Checklist of naturally occurring entomopathogens microbes and nematodes in New Zealand.  New Zealand Journal of Zoology 20: 95-120. ","Neocurupira hudsoni","Blepharomermis craigi"
"320",4,1228,"Glare, T.R., O’Callaghan, M., and Wigley, P.J. 1993. Checklist of naturally occurring entomopathogens microbes and nematodes in New Zealand.  New Zealand Journal of Zoology 20: 95-120. ","Sirex noctilio","Delandenus siricidicola"
"321",5,1228,"Glare, T.R., O’Callaghan, M., and Wigley, P.J. 1993. Checklist of naturally occurring entomopathogens microbes and nematodes in New Zealand.  New Zealand Journal of Zoology 20: 95-120. ","Platyzosteria novaeseelandiae","Blatticola tuapakae"
"322",6,1228,"Glare, T.R., O’Callaghan, M., and Wigley, P.J. 1993. Checklist of naturally occurring entomopathogens microbes and nematodes in New Zealand.  New Zealand Journal of Zoology 20: 95-120. ","Platyzosteria novaeseelandiae","Protrellina gurri "
"323",149,1228,"Glare, T.R., O’Callaghan, M., and Wigley, P.J. 1993. Checklist of naturally occurring entomopathogens microbes and nematodes in New Zealand.  New Zealand Journal of Zoology 20: 95-120. ","Pericoptus truncatus","Tetleyus pericopti"
"324",41,1271,"Klein, M. G., 1990.  Efficacy against soil-inhabiting insect pests, in Entomopathogenic Nematodes in Biological Control (Gaugler, R. and Kaya, H. K., Eds) CRC Press, Boca Raton, FL, pp. 195-214.","Popillia japonica","Steinernema carpocapsae"
"325",42,1278,"Ahmad, R., 1974.  Investigations on the white-fringed weevils Naupactus durius Boh. and Pantomorus auripes Hustache (Coleoptera, Curculionidae) and their natural enemies in Argentina.  Tech. Bull. Commonw. Inst. Biol. Control 17: 37-51.","Graphognathus leucoloma","Steinernema carpocapsae"
"326",43,1271,"Klein, M. G., 1990.  Efficacy against soil-inhabiting insect pests, in Entomopathogenic Nematodes in Biological Control (Gaugler, R. and Kaya, H. K., Eds) CRC Press, Boca Raton, FL, pp. 195-214.","Otiorhynchus sulcatus","Steinernema carpocapsae"
"327",52,1280,"Sandner, H. and Seryczynska, H., 1971.  Changes in the ultrastructure of the fat-body of Galleria mellonella L. under the influence of invasion by Neoaplectana carpocapsae Weiser (Nematoda, Steinernematidae). Bull. l’Acad. Pol. Sci. 19: 67-69.","Cydia pomonella","Steinernema carpocapsae"
"328",68,1271,"Klein, M. G., 1990.  Efficacy against soil-inhabiting insect pests, in Entomopathogenic Nematodes in Biological Control (Gaugler, R. and Kaya, H. K., Eds) CRC Press, Boca Raton, FL, pp. 195-214.","Graphognathus leucoloma","Steinernema feltiae"
"329",82,1272,"Caballero, Pl, Vargas-Osuna, E. and Santiago-Alvarez, C., 1989.  Presencia de “gusanos grises” sobre diversos cultivos en Andalucia y Extremadura y sus parasitos y patogenos asociados,  Boletin de Sanidad Vegetal y Plagas 15: 3-7,","Agrotis ipsilon","Steinernema feltiae"
"330",83,1272,"Caballero, Pl, Vargas-Osuna, E. and Santiago-Alvarez, C., 1989.  Presencia de “gusanos grises” sobre diversos cultivos en Andalucia y Extremadura y sus parasitos y patogenos asociados,  Boletin de Sanidad Vegetal y Plagas 15: 3-7,","Agrotis segetum","Steinernema feltiae"
"331",232,1260,"Eichhorn, O., 1988.  Untersuchungen über die Fichtengespinsblattwespen Cephalcia spp. PANZ (Hymenoptera, Panphiliidae). II. Die Larven- und Nymphenparasiten.  Journal of Applied Entomology 105: 105-140.","Cephalcia abietis","Steinernema kraussei "
"332",114,1271,"Klein, M. G., 1990.  Efficacy against soil-inhabiting insect pests, in Entomopathogenic Nematodes in Biological Control (Gaugler, R. and Kaya, H. K., Eds) CRC Press, Boca Raton, FL, pp. 195-214.","Diaprepes abbreviatus","Heterorhabditis bacteriophora"
"333",120,1291,"Poinar, G. O., Jr., Jackson, T. and Klein, 1987.  Heterorhabditis megidis sp. n. (Heterorhabditidae: Rhabditida), parasitic in the Japanese beetle, Popillia japonica (Scarabaedae: Coleoptera), in Ohio.  Proc. Helminth. Soc. Wash. 54: 53-59.","Popillia japonica","Heterorhabditis megidis"
"334",140,1274,"Peters, A., 1996.  The natural host range of Steinernema and Heterorhabditis spp. and their impact on insect populations.  Biocontrol Science and Technology 6: 389-402.","Graphognathus leucoloma","Heterorhabditis sp."
"335",147,1228,"Glare, T.R., O’Callaghan, M., and Wigley, P.J. 1993. Checklist of naturally occurring entomopathogens microbes and nematodes in New Zealand.  New Zealand Journal of Zoology 20: 95-120. ","Heteronychus arator","Heterorhabditis zealandica"
"336",52,1252,"Vinciguerra, M. T. and Tacconi, R., 1983. Variabilita morfologica di Neoaplectana carpocapsae Weiser, 1955 (Rhabditida, Nematoda) rinvenuta in larve di Laspeyresia pomonella (L.).  Bolletino del Instituto di Entomologia “Guido Grandi”, Universita di Bologna (Italy) 38:89-94.","Cydia pomonella","Steinernema carpocapsae"
"337",232,1262,"Mrácek, A., 1986.  Nematodes and other factors controlling the sawfly, Cephaleia abietis (Pamphilidae: Hymenoptera), in Czechoslovakia,  Forest Ecology and Management 15: 75-79.","Cephalcia abietis","Steinernema kraussei "
"338",232,1261,"Fischer, P. and Fuhrer, E., 1990.  Effect of soil acidity on the entomophilic nematode Steinernema kraussei Steiner.  Biology and Fertility of Soil 9: 174-177.","Cephalcia abietis","Steinernema kraussei "
