ERNnem,refCode,Reference,Host,Nematode
32,1235,"Bovien, P., 1937. Some types of association between nematodes and insects. Videnskabelige Meddelelser fra Dansk Naturhistorisk Forening 101:1-114",Bibio ferruginatus,Steinernema affinis
32,1274,"Peters, A., 1996.  The natural host range of Steinernema and Heterorhabditis spp. and their impact on insect populations.  Biocontrol Science and Technology 6: 389-402.",Bibio ferruginatus,Steinernema affinis
33,1235,"Bovien, P., 1937. Some types of association between nematodes and insects. Videnskabelige Meddelelser fra Dansk Naturhistorisk Forening 101:1-114",Bibio hortulana,Steinernema affinis
34,1235,"Bovien, P., 1937. Some types of association between nematodes and insects. Videnskabelige Meddelelser fra Dansk Naturhistorisk Forening 101:1-114",Dilophus vulgaris,Steinernema affinis
35,1302,"Arne Peters, observer.  Frazione Pantalla, Ecogen Europe - 3A Parco, Tecnologico Agro-Alimentare, 06050 Todi (PG) Italy.",Helina duplicata,Steinernema affinis
36,1242,"Kozodoi, E. M., 1984. A new entomophagous nematode Neoaplectana anomali sp.n. (Rhabditida, Steinernematidae) and its biology. Zoologicheskii Zhurnal 63: 1605-1909. (in Russian).",Anomala dubia,Steinernema arenarium
37,1242,"Kozodoi, E. M., 1984. A new entomophagous nematode Neoaplectana anomali sp.n. (Rhabditida, Steinernematidae) and its biology. Zoologicheskii Zhurnal 63: 1605-1909. (in Russian).",Anomala dubia,Steinernema arenarium
38,1237,"Poinar, G. O., Jr., 1992. Nematodes associated with Scarabaeidae, in  Use of Pathogens in Scarab Pest Management (Jackson, T.A. & Glare, T.R., eds.) Intercept, Andover. pp 93-109",Melolontha hippocastani,Steinernema arenarium
39,1241,"Poinar, G. O., Jr. and Veremchuk, G. V., 1970. A new strain of entomopathogenic nematodes and geographical distribution of Neoaplectana carpocapsae Weiser (Rhabditida, Steinernematidae).  Zoologicheskii Zhurnal 49: 966-969. (in Russian).",Agriotes lineatus,Steinernema carpocapsae
40,1274,"Peters, A., 1996.  The natural host range of Steinernema and Heterorhabditis spp. and their impact on insect populations.  Biocontrol Science and Technology 6: 389-402.",Popillia japonica,Steinernema carpocapsae
41,1237,"Poinar, G. O., Jr., 1992. Nematodes associated with Scarabaeidae, in  Use of Pathogens in Scarab Pest Management (Jackson, T.A. & Glare, T.R., eds.) Intercept, Andover. pp 93-109",Popillia japonica,Steinernema carpocapsae
42,1274,"Peters, A., 1996.  The natural host range of Steinernema and Heterorhabditis spp. and their impact on insect populations.  Biocontrol Science and Technology 6: 389-402.",Graphognathus leucoloma,Steinernema carpocapsae
43,1240,"Poinar, G. O., Jr., 1986. Recognition of Neoaplectana species.  Proceedings of the Helminthological Society of Washington 53: 121-129.",Otiorhynchus sulcatus,Steinernema carpocapsae
44,1243,"Travassos, L., 1931. Una nova specie do genero Neoaplectana Steiner (Nematoda). Boletin Biologico, Sao Paulo 19: 150-154.",Cleonis mendicus,Steinernema carpocapsae
45,1244,"Pye, A. E. and Burman, M., 1978. Neoaplectana carpocapsae: infection and reproduction in large pine weevil larvae, Hylobius abietis.  Experimental Parasitology 46: 1-11",Hylobius pales,Steinernema carpocapsae
46,1245,"Akhurst, R. J., 1980. Morphological and functional dimorphism in Xenorhabdus spp. , bacteria symbiotically associated with insect pathogenic nematodes Neoaplectana and Heterorhabditis. Journal of General Microbiology 121: 303-309.",Vespula sp.,Steinernema carpocapsae
229,1248,"Georgis, R. and Hague, N.G.M., 1981. A neoaplectanis nematode in the larch sawfly Cephalcia lariciphila (Hymenoptera: Pamphiliidae).  Annals of Applied Biology 99: 171-177.",Cephalcia lariciphila,Steinernema carpocapsae
230,1240,"Poinar, G. O., Jr., 1986. Recognition of Neoaplectana species.  Proceedings of the Helminthological Society of Washington 53: 121-129.",Rhagoletis pomonella,Steinernema carpocapsae
47,1274,"Peters, A., 1996.  The natural host range of Steinernema and Heterorhabditis spp. and their impact on insect populations.  Biocontrol Science and Technology 6: 389-402.",Cydia pomonella,Steinernema carpocapsae
48,1240,"Poinar, G. O., Jr., 1986. Recognition of Neoaplectana species.  Proceedings of the Helminthological Society of Washington 53: 121-129.",Cydia pomonella,Steinernema carpocapsae
49,1240,"Poinar, G. O., Jr., 1986. Recognition of Neoaplectana species.  Proceedings of the Helminthological Society of Washington 53: 121-129.",Cydia pomonella,Steinernema carpocapsae
50,1249,"Weiser, J., 1955. Neoaplectana carpocapsae, n. sp. (Anguillaluata: Steinernematinae), novy cizopasník housenek obalece jablecného, Carpocapsa pomonnella L. Bestniik Ceskoslovenske Zoologické Spolecnosti 19: 44-51.",Cydia pomonella,Steinernema carpocapsae
51,1274,"Peters, A., 1996.  The natural host range of Steinernema and Heterorhabditis spp. and their impact on insect populations.  Biocontrol Science and Technology 6: 389-402.",Cydia pomonella,Steinernema carpocapsae
52,1274,"Peters, A., 1996.  The natural host range of Steinernema and Heterorhabditis spp. and their impact on insect populations.  Biocontrol Science and Technology 6: 389-402.",Cydia pomonella,Steinernema carpocapsae
53,1252,"Vinciguerra, M. T. and Tacconi, R., 1983. Variabilita morfologica di Neoaplectana carpocapsae Weiser, 1955 (Rhabditida, Nematoda) rinvenuta in larve di Laspeyresia pomonella (L.).  Bolletino del Instituto di Entomologia “Guido Grandi”, Universita di Bologna (Italy) 38:89-94.",Cydia pomonella,Steinernema carpocapsae
54,1283,"Jackson, G. J., 1965.  Differentiation of three species of Neoaplectana (Nematoda: Rhabditida), grown axenically.  Parasitol. 55: 571-578.",Cydia pomonella,Steinernema carpocapsae
55,1274,"Peters, A., 1996.  The natural host range of Steinernema and Heterorhabditis spp. and their impact on insect populations.  Biocontrol Science and Technology 6: 389-402.",Agrotis segetum,Steinernema carpocapsae
225,1251,"Stanuszek, S., 1974b. Neoaplectana feltiae pieridarum n. ecotype (Nematoa: Rhabditoidea, Steinernematidae) – a parasite of Pieris brassicae L. and Mamestra brassicae L. in Poland: morphology and biology.  Zeszty Problemowe Postepów Nauk Rolniczych 154: 361-391.",Mamestra brassicae,Steinernema carpocapsae
56,1274,"Peters, A., 1996.  The natural host range of Steinernema and Heterorhabditis spp. and their impact on insect populations.  Biocontrol Science and Technology 6: 389-402.",Helicoverpa armigera,Steinernema carpocapsae
226,1251,"Stanuszek, S., 1974b. Neoaplectana feltiae pieridarum n. ecotype (Nematoa: Rhabditoidea, Steinernematidae) – a parasite of Pieris brassicae L. and Mamestra brassicae L. in Poland: morphology and biology.  Zeszty Problemowe Postepów Nauk Rolniczych 154: 361-391.",Pieris brassicae,Steinernema carpocapsae
57,1239,"Poinar, G. O., Jr., 1979. Nematodes for Biological Control of Insects. CRC Press, Boca Raton, FL.",Vitacea polistiformis,Steinernema carpocapsae
58,1284,"Veremchuk, G. V., and Litvinchuk, L. N., 1971.  Nematodes of the genus Neoaplectana (Rhabditida: Steinernematidae) --parasites of the larch looper moth (Semiothisa pumila Kusn.) (Lepidoptera: Geometridae), pp. 92-95.  In New and little known species of the Siberian fauna.  Akad. Nauk SSR Novosibersk. (in Russian, English summary)",Semiothisa pumila,Steinernema carpocapsae
59,1303,"Stammer, H. J. and Wachek, F., 1952.  Ein neuer parasitischer Nematode, Carabonema hasei h.g. h.sp. (Carbonematidae n. fam.).  Zool. Anz. 148: 185-193",Pardileus calceatus,Steinernema feltiae
60,1274,"Peters, A., 1996.  The natural host range of Steinernema and Heterorhabditis spp. and their impact on insect populations.  Biocontrol Science and Technology 6: 389-402.",Selatosomus melancholicus,Steinernema feltiae
61,1274,"Peters, A., 1996.  The natural host range of Steinernema and Heterorhabditis spp. and their impact on insect populations.  Biocontrol Science and Technology 6: 389-402.",Pytho depressus,Steinernema feltiae
62,1274,"Peters, A., 1996.  The natural host range of Steinernema and Heterorhabditis spp. and their impact on insect populations.  Biocontrol Science and Technology 6: 389-402.",Rhagium inquisitor,Steinernema feltiae
63,1239,"Poinar, G. O., Jr., 1979. Nematodes for Biological Control of Insects. CRC Press, Boca Raton, FL.",Amphimallon solstitialis,Steinernema feltiae
64,1237,"Poinar, G. O., Jr., 1992. Nematodes associated with Scarabaeidae, in  Use of Pathogens in Scarab Pest Management (Jackson, T.A. & Glare, T.R., eds.) Intercept, Andover. pp 93-109",Melolontha afflicta,Steinernema feltiae
65,1237,"Poinar, G. O., Jr., 1992. Nematodes associated with Scarabaeidae, in  Use of Pathogens in Scarab Pest Management (Jackson, T.A. & Glare, T.R., eds.) Intercept, Andover. pp 93-109",Onitis alexis,Steinernema feltiae
66,1237,"Poinar, G. O., Jr., 1992. Nematodes associated with Scarabaeidae, in  Use of Pathogens in Scarab Pest Management (Jackson, T.A. & Glare, T.R., eds.) Intercept, Andover. pp 93-109",Pentodon algerinum,Steinernema feltiae
67,1274,"Peters, A., 1996.  The natural host range of Steinernema and Heterorhabditis spp. and their impact on insect populations.  Biocontrol Science and Technology 6: 389-402.",Capnodis tenebrionis,Steinernema feltiae
68,1285,"Wouts, W. M., 1980.  Biology, life cycle and re-description of Neoaplectana bibionis Bovien, 1937 (Nematoda: Steinernematidae).  J. Nematol. 12: 62-72.",Graphognathus leucoloma,Steinernema feltiae
69,1274,"Peters, A., 1996.  The natural host range of Steinernema and Heterorhabditis spp. and their impact on insect populations.  Biocontrol Science and Technology 6: 389-402.",Otiorhynchus sulcatus,Steinernema feltiae
70,1254,"Vainio, A. and Hokkanen, H.M.T., 1993.  The potential of entomopahtogenic fungi and nematodes against Otiorhynchus ovatus L. and O. dubius Strom. (Col: Curculionidae) in the field.  Journal of Applied Entomology 115:379-387.",Otiorhynchus ovatus,Steinernema feltiae
71,1254,"Vainio, A. and Hokkanen, H.M.T., 1993.  The potential of entomopahtogenic fungi and nematodes against Otiorhynchus ovatus L. and O. dubius Strom. (Col: Curculionidae) in the field.  Journal of Applied Entomology 115:379-387.",Otiorhynchus dubius,Steinernema feltiae
72,1255,"Pollitt, S., Peters, A. and Ehlers, R.-U., 1994.  Control potential of a naturally occurring Steinernema feltiae population.  IOBC/WPRS Bulletin 17: 144-147.",Phyllobius urticae,Steinernema feltiae
73,1239,"Poinar, G. O., Jr., 1979. Nematodes for Biological Control of Insects. CRC Press, Boca Raton, FL.",Bothynoderis punctiventris,Steinernema feltiae
74,1287,"Travassos, L., 1932.  Una specie del genere Neoaplectana Steiner (Nematoda-Oxyuridae) parasita del Conorrhynchus (Cleonus) mendicus Gyll. (Coleoptera-Curculionidae). Boll. Labor. Zool. Agraria Portici 26: 115-118. (in Spanish)",Temnorrrhinus mendicus,Steinernema feltiae
12,1274,"Peters, A., 1996.  The natural host range of Steinernema and Heterorhabditis spp. and their impact on insect populations.  Biocontrol Science and Technology 6: 389-402.",Hylobius abietis,Steinernema feltiae
75,1235,"Bovien, P., 1937. Some types of association between nematodes and insects. Videnskabelige Meddelelser fra Dansk Naturhistorisk Forening 101:1-114",Bibio hortulana,Steinernema feltiae
76,1235,"Bovien, P., 1937. Some types of association between nematodes and insects. Videnskabelige Meddelelser fra Dansk Naturhistorisk Forening 101:1-114",Bibio ferruginatus,Steinernema feltiae
77,1304,"Stammer, H. J., 1953.  Die parasiten der Bibioniden. Proc. XIV Int. Congr. Zool. Copenhagen.  pp. 349-358.",Bibio fulviventris,Steinernema feltiae
78,1304,"Stammer, H. J., 1953.  Die parasiten der Bibioniden. Proc. XIV Int. Congr. Zool. Copenhagen.  pp. 349-358.",Bibio laniger,Steinernema feltiae
79,1304,"Stammer, H. J., 1953.  Die parasiten der Bibioniden. Proc. XIV Int. Congr. Zool. Copenhagen.  pp. 349-358.",Bibio varipes,Steinernema feltiae
80,1238,"Poinar, G. O., Jr., 1990. Biology and taxonomy of Steinernematidae and Heterorhabditidae, in Entomopathogenic Nematodes in Biological Control (Gaugler, R. & Kaya, H. K., eds) CRC Press, Boca Raton, FL, pp. 23-61",Helicoverpa armigera,Steinernema feltiae
81,1256,"Hoy, J. M., 1954.  The biology and host range of Neoaplectana leucaniae, a new species of insect-parasite nematode.  Parasitology 44: 392-399.",Crambus simplex,Steinernema feltiae
231,1256,"Hoy, J. M., 1954.  The biology and host range of Neoaplectana leucaniae, a new species of insect-parasite nematode.  Parasitology 44: 392-399.",Leucania acontistis,Steinernema feltiae
82,1257,"Wright, P. J. and Jackson, T. A., 1988.  Low temperature activity and infectivity of a parasitic nematode against porina and grass grub larvae, in  Proceedings of the Forty-first New Zealand Weed and Pest Control Conference. pp. 138-140.",Agrotis ipsilon,Steinernema feltiae
83,1258,"Turco, C. P., Thames, W. H., Jr and Hopkins, S. H., 1971.  On the taxonomic status and comparative morphology of species of the genus Neoaplectana Steiner (Neoaplectanidae: Nematoda).  Proceedings of the Helminthological Society of Washington 38: 68-79.",Agrotis segetum,Steinernema feltiae
84,1274,"Peters, A., 1996.  The natural host range of Steinernema and Heterorhabditis spp. and their impact on insect populations.  Biocontrol Science and Technology 6: 389-402.",Agrotinae sp.,Steinernema feltiae
85,1238,"Poinar, G. O., Jr., 1990. Biology and taxonomy of Steinernematidae and Heterorhabditidae, in Entomopathogenic Nematodes in Biological Control (Gaugler, R. & Kaya, H. K., eds) CRC Press, Boca Raton, FL, pp. 23-61",Migdolus fryanus,Steinernema glaseri
86,1274,"Peters, A., 1996.  The natural host range of Steinernema and Heterorhabditis spp. and their impact on insect populations.  Biocontrol Science and Technology 6: 389-402.",Popillia japonica,Steinernema glaseri
87,1240,"Poinar, G. O., Jr., 1986. Recognition of Neoaplectana species.  Proceedings of the Helminthological Society of Washington 53: 121-129.",Strigoderma arboricola,Steinernema glaseri
88,1237,"Poinar, G. O., Jr., 1992. Nematodes associated with Scarabaeidae, in  Use of Pathogens in Scarab Pest Management (Jackson, T.A. & Glare, T.R., eds.) Intercept, Andover. pp 93-109",Anomala flavipennis,Steinernema glaseri
232,1259,"Steiner, G., 1923.  Aplectana draussei n. sp., eine in der Blattwespe Lyda sp. parasitierende Nematodenform.  Aentralblatt für Bakteriologie, Parasitenkunde infectionskrankheiten und Hygiene, Abteilung ll 59: 14-18.",Cephalcia abietis,Steinernema kraussei 
89,1260,"Eichhorn, O., 1988.  Untersuchungen über die Fichtengespinsblattwespen Cephalcia spp. PANZ (Hymenoptera, Panphiliidae). II. Die Larven- und Nymphenparasiten.  Journal of Applied Entomology 105: 105-140.",Cephalcia abietis,Steinernema kraussei
90,1262,"Mrácek, A., 1986.  Nematodes and other factors controlling the sawfly, Cephaleia abietis (Pamphilidae: Hymenoptera), in Czechoslovakia,  Forest Ecology and Management 15: 75-79.",Cephalcia abietis,Steinernema kraussei
91,1261,"Fischer, P. and Fuhrer, E., 1990.  Effect of soil acidity on the entomophilic nematode Steinernema kraussei Steiner.  Biology and Fertility of Soil 9: 174-177.",Cephalcia abietis,Steinernema kraussei
92,1260,"Eichhorn, O., 1988.  Untersuchungen über die Fichtengespinsblattwespen Cephalcia spp. PANZ (Hymenoptera, Panphiliidae). II. Die Larven- und Nymphenparasiten.  Journal of Applied Entomology 105: 105-140.",Cephalcia falleni,Steinernema kraussei
93,1263,"Mamiya, Y., 1988.  Steinernema kushidai n. sp. (Nematoda: Steinernematidae) associated with scarabaeid beetle larvae from Shizuoka, Japan.  Applied Entomology and Zoology 23: 313-320.",Anomala cuprea,Steinernema kushidai
13,1264,"Nguyen, K. B. and Smart, G. C., Jr., 1992.  Steinernema neocurtillis n. sp. (Rhabditida: Steinernematidae) and key to species of the genus Steinernema.  Journal of Nematology 24: 463-477.",Neocurtilla hexadactyla,Steinernema neocurtillis
94,1267,"Doucet, M. M. A., 1986.  A new species of Neoaplectana Steiner 1929 (Nematoda: Steinernematidae) from Cordoba, Argentina.  Revue de Nematologie 9: 317-323.",Heliothis sp.,Steinernema rarum
233,1268,"Raulston, J. R., Pair, S. D., Loera, J. and Cabanillas, H. E., 1992.  Prepupal and pupal parasitism of Helicoverpa zea and Spodptera frugiperda (Lepidoptera: Noctuidae) by Steinernema sp. in cornfields in the lower Rio Grande Valley.  Journal of Economic Entomology 85: 1666-1670.",Helicoverpa zea,Steinernema riobravis
234,1268,"Raulston, J. R., Pair, S. D., Loera, J. and Cabanillas, H. E., 1992.  Prepupal and pupal parasitism of Helicoverpa zea and Spodptera frugiperda (Lepidoptera: Noctuidae) by Steinernema sp. in cornfields in the lower Rio Grande Valley.  Journal of Economic Entomology 85: 1666-1670.",Spodoptera frugiperda,Steinernema riobravis
14,1265,"Nguyen, K. B. and Smart, G. C., Jr., 1990.  Steinernema scapterisci n. sp. (Rhabditida: Steinernematidae).  Journal of Nematology 23: 187-199.",Scapteriscus vicinus,Steinernema scapterisci
95,1269,"Stock, S. P., Gardner, L. L., Wu, F. F. and Kaya, H. K., 1995.  Characterization of two Steinernema scapterisci populations (Nematoda: Steinernematidae) using morphology and random amplified polymorphic DNA markers.  Journal of the Helminthological Society of Washington 62: 242-249.",Scapteriscus borellii,Steinernema scapterisci
15,1270,"Parkman, J. P. and Frank, J. H., 1992.  Infection of sound-trapped mole crickets, Scapteriscus spp., by Steinernema scapterisci.  Florida Entomologist 75: 163-165.",Scapteriscus vicinus,Steinernema scapterisci
16,1270,"Parkman, J. P. and Frank, J. H., 1992.  Infection of sound-trapped mole crickets, Scapteriscus spp., by Steinernema scapterisci.  Florida Entomologist 75: 163-165.",Scapteriscus borellii,Steinernema scapterisci
96,1274,"Peters, A., 1996.  The natural host range of Steinernema and Heterorhabditis spp. and their impact on insect populations.  Biocontrol Science and Technology 6: 389-402.",Phyllopertha horticola,Steinernema sp.
97,1274,"Peters, A., 1996.  The natural host range of Steinernema and Heterorhabditis spp. and their impact on insect populations.  Biocontrol Science and Technology 6: 389-402.",Amphimallon solstitialis,Steinernema sp.
98,1237,"Poinar, G. O., Jr., 1992. Nematodes associated with Scarabaeidae, in  Use of Pathogens in Scarab Pest Management (Jackson, T.A. & Glare, T.R., eds.) Intercept, Andover. pp 93-109",Scitala sericans,Steinernema sp.
99,1237,"Poinar, G. O., Jr., 1992. Nematodes associated with Scarabaeidae, in  Use of Pathogens in Scarab Pest Management (Jackson, T.A. & Glare, T.R., eds.) Intercept, Andover. pp 93-109",Adoryphorus couloni,Steinernema sp.
100,1250,"Stanuszek, S., 1974a. Neoaplectana feltiae complex (Rhabditoidea, Steinernematidae), its taxonomic position within the genus Neoaplectana and traspecific structure.  Zeszty Problemowe Postepów Nauk Rolniczych 154: 331-360.",Leptinotarsa decemlineata,Steinernema sp.
101,1271,"Klein, M. G., 1990.  Efficacy against soil-inhabiting insect pests, in Entomopathogenic Nematodes in Biological Control (Gaugler, R. and Kaya, H. K., Eds) CRC Press, Boca Raton, FL, pp. 195-214.",Graphognathus sp.,Steinernema sp.
102,1288,"Weiser, J., 1960.  Nemoci panrav chroustu v CSR. Vestn. Cesk. Zool. Spol. 24: 71-74.  (in Czech, English summary)",Cryptorrhynchus lapathi,Steinernema sp.
103,1260,"Eichhorn, O., 1988.  Untersuchungen über die Fichtengespinsblattwespen Cephalcia spp. PANZ (Hymenoptera, Panphiliidae). II. Die Larven- und Nymphenparasiten.  Journal of Applied Entomology 105: 105-140.",Acantholyda posticalis,Steinernema sp.
104,1289,"Gorgazde, O. A., 1988.  The nematode Neoaplectana thesami, new species found in Operophthera rumata L. Soobscen. Akad. Nauk, Gruz. SSR 130: 405-408.",Operophtera brumata,Steinernema sp.
105,1272,"Caballero, Pl, Vargas-Osuna, E. and Santiago-Alvarez, C., 1989.  Presencia de “gusanos grises” sobre diversos cultivos en Andalucia y Extremadura y sus parasitos y patogenos asociados,  Boletin de Sanidad Vegetal y Plagas 15: 3-7,",Agrotis ipsilon,Steinernema sp.
106,1272,"Caballero, Pl, Vargas-Osuna, E. and Santiago-Alvarez, C., 1989.  Presencia de “gusanos grises” sobre diversos cultivos en Andalucia y Extremadura y sus parasitos y patogenos asociados,  Boletin de Sanidad Vegetal y Plagas 15: 3-7,",Agrotis segetum,Steinernema sp.
107,1274,"Peters, A., 1996.  The natural host range of Steinernema and Heterorhabditis spp. and their impact on insect populations.  Biocontrol Science and Technology 6: 389-402.",Sesamia nonagrioides,Steinernema sp.
228,1266,"Nguyen, K. B. and Smart, G. C., Jr., 1994.  Neosteinernema longicurvicaudum n. gen., n. sp. (Rhabditida: Steinernematidae), a parasite of the termite Reticulitermes flavipes (Koller).  Journal of Nematology 26: 162-174.",Reticulitermes flavipes,Neosteinernema longicurvicaudum
108,1237,"Poinar, G. O., Jr., 1992. Nematodes associated with Scarabaeidae, in  Use of Pathogens in Scarab Pest Management (Jackson, T.A. & Glare, T.R., eds.) Intercept, Andover. pp 93-109",Popillia japonica,Heterorhabditis bacteriophora
109,1305,"Glare, T.R., Jackson, T. A. and Zimmerman, G., 1993.  Entomophaga 38: 411-450.",Amphimallon solstitialis,Heterorhabditis bacteriophora
110,1238,"Poinar, G. O., Jr., 1990. Biology and taxonomy of Steinernematidae and Heterorhabditidae, in Entomopathogenic Nematodes in Biological Control (Gaugler, R. & Kaya, H. K., eds) CRC Press, Boca Raton, FL, pp. 23-61",Cyclocephala hirta,Heterorhabditis bacteriophora
111,1274,"Peters, A., 1996.  The natural host range of Steinernema and Heterorhabditis spp. and their impact on insect populations.  Biocontrol Science and Technology 6: 389-402.",Phyllophaga sp.,Heterorhabditis bacteriophora
112,1238,"Poinar, G. O., Jr., 1990. Biology and taxonomy of Steinernematidae and Heterorhabditidae, in Entomopathogenic Nematodes in Biological Control (Gaugler, R. & Kaya, H. K., eds) CRC Press, Boca Raton, FL, pp. 23-61",Diabrotica balteata,Heterorhabditis bacteriophora
113,1238,"Poinar, G. O., Jr., 1990. Biology and taxonomy of Steinernematidae and Heterorhabditidae, in Entomopathogenic Nematodes in Biological Control (Gaugler, R. & Kaya, H. K., eds) CRC Press, Boca Raton, FL, pp. 23-61",Curculio caryae,Heterorhabditis bacteriophora
114,1238,"Poinar, G. O., Jr., 1990. Biology and taxonomy of Steinernematidae and Heterorhabditidae, in Entomopathogenic Nematodes in Biological Control (Gaugler, R. & Kaya, H. K., eds) CRC Press, Boca Raton, FL, pp. 23-61",Diaprepes abbreviatus,Heterorhabditis bacteriophora
115,1238,"Poinar, G. O., Jr., 1990. Biology and taxonomy of Steinernematidae and Heterorhabditidae, in Entomopathogenic Nematodes in Biological Control (Gaugler, R. & Kaya, H. K., eds) CRC Press, Boca Raton, FL, pp. 23-61",Diaprepes abbreviatus,Heterorhabditis bacteriophora
116,1246,"Akhurst, R. J., 1987. Use of starch gel electrophoresis in the taxonomy of the genus Heterorhabditis (Nematoda: Heterorhabditidae). Nematologica 33: 11-9.",Helicoverpa punctigera,Heterorhabditis bacteriophora
117,1246,"Akhurst, R. J., 1987. Use of starch gel electrophoresis in the taxonomy of the genus Heterorhabditis (Nematoda: Heterorhabditidae). Nematologica 33: 11-9.",Helicoverpa zea,Heterorhabditis bacteriophora
118,1238,"Poinar, G. O., Jr., 1990. Biology and taxonomy of Steinernematidae and Heterorhabditidae, in Entomopathogenic Nematodes in Biological Control (Gaugler, R. & Kaya, H. K., eds) CRC Press, Boca Raton, FL, pp. 23-61",Diatraea grandiosella,Heterorhabditis bacteriophora
119,1291,"Poinar, G. O., Jr., Jackson, T. and Klein, 1987.  Heterorhabditis megidis sp. n. (Heterorhabditidae: Rhabditida), parasitic in the Japanese beetle, Popillia japonica (Scarabaedae: Coleoptera), in Ohio.  Proc. Helminth. Soc. Wash. 54: 53-59.",Popillia japonica,Heterorhabditis megidis
120,1238,"Poinar, G. O., Jr., 1990. Biology and taxonomy of Steinernematidae and Heterorhabditidae, in Entomopathogenic Nematodes in Biological Control (Gaugler, R. & Kaya, H. K., eds) CRC Press, Boca Raton, FL, pp. 23-61",Popillia japonica,Heterorhabditis megidis
121,1274,"Peters, A., 1996.  The natural host range of Steinernema and Heterorhabditis spp. and their impact on insect populations.  Biocontrol Science and Technology 6: 389-402.",Phyllopertha horticola,Heterorhabditis megidis
122,1274,"Peters, A., 1996.  The natural host range of Steinernema and Heterorhabditis spp. and their impact on insect populations.  Biocontrol Science and Technology 6: 389-402.",Phyllopertha horticola,Heterorhabditis megidis
123,1274,"Peters, A., 1996.  The natural host range of Steinernema and Heterorhabditis spp. and their impact on insect populations.  Biocontrol Science and Technology 6: 389-402.",Phyllopertha horticola,Heterorhabditis megidis
124,1274,"Peters, A., 1996.  The natural host range of Steinernema and Heterorhabditis spp. and their impact on insect populations.  Biocontrol Science and Technology 6: 389-402.",Phyllopertha horticola,Heterorhabditis megidis
125,1274,"Peters, A., 1996.  The natural host range of Steinernema and Heterorhabditis spp. and their impact on insect populations.  Biocontrol Science and Technology 6: 389-402.",Phyllopertha horticola,Heterorhabditis megidis
126,1274,"Peters, A., 1996.  The natural host range of Steinernema and Heterorhabditis spp. and their impact on insect populations.  Biocontrol Science and Technology 6: 389-402.",Amphimallon solstitialis,Heterorhabditis megidis
127,1274,"Peters, A., 1996.  The natural host range of Steinernema and Heterorhabditis spp. and their impact on insect populations.  Biocontrol Science and Technology 6: 389-402.",Amphimallon solstitialis,Heterorhabditis megidis
128,1274,"Peters, A., 1996.  The natural host range of Steinernema and Heterorhabditis spp. and their impact on insect populations.  Biocontrol Science and Technology 6: 389-402.",Otiorhynchus sulcatus,Heterorhabditis megidis
129,1237,"Poinar, G. O., Jr., 1992. Nematodes associated with Scarabaeidae, in  Use of Pathogens in Scarab Pest Management (Jackson, T.A. & Glare, T.R., eds.) Intercept, Andover. pp 93-109",Heteronychus arator,Heterorhabditis zealandica
130,1274,"Peters, A., 1996.  The natural host range of Steinernema and Heterorhabditis spp. and their impact on insect populations.  Biocontrol Science and Technology 6: 389-402.",Agriotes ponticus,Heterorhabditis sp.
131,1306,"Jaworska, M., 1978. Abstr. Inter. Coll. Invertebr. pathol. Praga.",Hoplocampa testudinae,Heterorhabditis sp.
132,1274,"Peters, A., 1996.  The natural host range of Steinernema and Heterorhabditis spp. and their impact on insect populations.  Biocontrol Science and Technology 6: 389-402.",Phyllopertha horticola,Heterorhabditis sp.
133,1237,"Poinar, G. O., Jr., 1992. Nematodes associated with Scarabaeidae, in  Use of Pathogens in Scarab Pest Management (Jackson, T.A. & Glare, T.R., eds.) Intercept, Andover. pp 93-109",Popillia japonica,Heterorhabditis sp.
134,1238,"Poinar, G. O., Jr., 1990. Biology and taxonomy of Steinernematidae and Heterorhabditidae, in Entomopathogenic Nematodes in Biological Control (Gaugler, R. & Kaya, H. K., eds) CRC Press, Boca Raton, FL, pp. 23-61",Popillia japonica,Heterorhabditis sp.
135,1247,"Akhurst, R. J., Bedding, R. A., Bull, R. M. and Smith, D.R.J., 1992. An epizootic of Heterorhabditis spp. (Heterorhabditidae: Nematoda) in sugar cane scarabaeids (Coleoptera). Fundamental and Applied Nematology 15: 71-73.",Lepidiota crinita,Heterorhabditis sp.
136,1247,"Akhurst, R. J., Bedding, R. A., Bull, R. M. and Smith, D.R.J., 1992. An epizootic of Heterorhabditis spp. (Heterorhabditidae: Nematoda) in sugar cane scarabaeids (Coleoptera). Fundamental and Applied Nematology 15: 71-73.",Lepidiota negatoria,Heterorhabditis sp.
137,1247,"Akhurst, R. J., Bedding, R. A., Bull, R. M. and Smith, D.R.J., 1992. An epizootic of Heterorhabditis spp. (Heterorhabditidae: Nematoda) in sugar cane scarabaeids (Coleoptera). Fundamental and Applied Nematology 15: 71-73.",Lepidiota picticollis,Heterorhabditis sp.
138,1247,"Akhurst, R. J., Bedding, R. A., Bull, R. M. and Smith, D.R.J., 1992. An epizootic of Heterorhabditis spp. (Heterorhabditidae: Nematoda) in sugar cane scarabaeids (Coleoptera). Fundamental and Applied Nematology 15: 71-73.",Antitrogus consanguineus,Heterorhabditis sp.
139,1247,"Akhurst, R. J., Bedding, R. A., Bull, R. M. and Smith, D.R.J., 1992. An epizootic of Heterorhabditis spp. (Heterorhabditidae: Nematoda) in sugar cane scarabaeids (Coleoptera). Fundamental and Applied Nematology 15: 71-73.",Graphognathus leucoloma,Heterorhabditis sp.
140,1238,"Poinar, G. O., Jr., 1990. Biology and taxonomy of Steinernematidae and Heterorhabditidae, in Entomopathogenic Nematodes in Biological Control (Gaugler, R. & Kaya, H. K., eds) CRC Press, Boca Raton, FL, pp. 23-61",Graphognathus leucoloma,Heterorhabditis sp.
141,1273,"Arteaga-Hernandez, E. M. and Mrácek, Z., 1984.  Heterorhabditis heliothidis, a parasite of insect pests in Cuba.  Folia Parasitologica (Praha) 31: 11-17.",Cylas formicarius,Heterorhabditis sp.
142,1273,"Arteaga-Hernandez, E. M. and Mrácek, Z., 1984.  Heterorhabditis heliothidis, a parasite of insect pests in Cuba.  Folia Parasitologica (Praha) 31: 11-17.",Pachnaeus litus,Heterorhabditis sp.
143,1237,"Poinar, G. O., Jr., 1992. Nematodes associated with Scarabaeidae, in  Use of Pathogens in Scarab Pest Management (Jackson, T.A. & Glare, T.R., eds.) Intercept, Andover. pp 93-109",Pericoptus truncatus,Heterorhabditis sp.
144,1308,"Strong, D. R., Maron, J.L., Connors, P.G., Whipple, A., Harrison, S. and Jefferies, R. L., 1995.  High mortality, fluctuation in numbers, and heavy subterranean insect herbivory in bush lupine, Lupinus arboreus. Oecologia 104: 85-92.",Hepialus californicus,Heterorhabditis hepialus 
145,1238,"Poinar, G. O., Jr., 1990. Biology and taxonomy of Steinernematidae and Heterorhabditidae, in Entomopathogenic Nematodes in Biological Control (Gaugler, R. & Kaya, H. K., eds) CRC Press, Boca Raton, FL, pp. 23-61",Gasterocercodes brasiliensis,Heterorhabditis sp.
146,1235,"Bovien, P., 1937. Some types of association between nematodes and insects. Videnskabelige Meddelelser fra Dansk Naturhistorisk Forening 101:1-114",Dilophus vulgaris,Steinernema feltiae
17,1293,"Nguyen, K. B. and Smart, G. C., 1991. Pathogenicity of Steinernema scapterisci to selected invertebrates.  Journal of Nematology 23: 7-11.",Acheta domesticus,Steinernema scapterisci
18,1293,"Nguyen, K. B. and Smart, G. C., 1991. Pathogenicity of Steinernema scapterisci to selected invertebrates.  Journal of Nematology 23: 7-11.",Scapteriscus borellii,Steinernema scapterisci
19,1293,"Nguyen, K. B. and Smart, G. C., 1991. Pathogenicity of Steinernema scapterisci to selected invertebrates.  Journal of Nematology 23: 7-11.",Scapteriscus vicinus,Steinernema scapterisci
147,1237,"Poinar, G. O., Jr., 1992. Nematodes associated with Scarabaeidae, in  Use of Pathogens in Scarab Pest Management (Jackson, T.A. & Glare, T.R., eds.) Intercept, Andover. pp 93-109",Heteronychus arator,Heterorhabditis zealandica
148,1297,"Dale, P. S., 1964.  A new species of Cephalobellus (Nematoda: Thelastomatidae) from the larva of Costelytra zealandica (Coleoptera: Melolonghinae). New Zealand Journal of Science 7: 596-601.",Costelytra zealandica,Cephalobellus costelytrae
1,1296,"Poinar, G. O., Jr., 1990. Austromermis n. gen. and Blepharomermis n. gen. (Mermithidae: Nematoda)from New Zealand Simuliidae and Blepharoceridae (Diptera). Revue de nematologie 13: 395-402.",Austrosimulium multicorne,Austromemermis namis
2,1296,"Poinar, G. O., Jr., 1990. Austromermis n. gen. and Blepharomermis n. gen. (Mermithidae: Nematoda)from New Zealand Simuliidae and Blepharoceridae (Diptera). Revue de nematologie 13: 395-402.",Neocurupira hudsoni,Blepharomermis craigi
3,1228,"Glare, T.R., O’Callaghan, M., and Wigley, P.J. 1993. Checklist of naturally occurring entomopathogens microbes and nematodes in New Zealand.  New Zealand Journal of Zoology 20: 95-120. ",Costelytra zealandica,Psammomermis canterburiensis
4,1295,"Zondag, R., 1969. A nematode infection of Sirex noctilio (F) in New Zealand.  New Zealand Journal of Science 12: 732-747.",Sirex noctilio,Delandenus siricidicola
5,1294,"Dale, P. S., 1966. Blatticola tuapakae and Protrellina gurri n. spp., nematode parasites of the black roach.  New Zealand Journal of Science 9: 538-544.",Platyzosteria novaeseelandiae,Blatticola tuapakae
6,1294,"Dale, P. S., 1966. Blatticola tuapakae and Protrellina gurri n. spp., nematode parasites of the black roach.  New Zealand Journal of Science 9: 538-544.",Platyzosteria novaeseelandiae,Protrellina gurri 
149,1298,"Dale, P. S., 1964. Tetleyus pericopti n. gen. et sp. A thelastomatid nematode from larvae of Pericoptus trucnatus (Fab) (Coleoptera: Dynastinae). New Zealand Journal of Science 7: 589-595.",Pericoptus truncatus,Tetleyus pericopti
7,1274,"Peters, A., 1996.  The natural host range of Steinernema and Heterorhabditis spp. and their impact on insect populations.  Biocontrol Science and Technology 6: 389-402.",Eudonia sabulosella,Steinernema feltiae
150,1271,"Klein, M. G., 1990.  Efficacy against soil-inhabiting insect pests, in Entomopathogenic Nematodes in Biological Control (Gaugler, R. and Kaya, H. K., Eds) CRC Press, Boca Raton, FL, pp. 195-214.",Popillia japonica,Heterorhabditis bacteriophora
151,1271,"Klein, M. G., 1990.  Efficacy against soil-inhabiting insect pests, in Entomopathogenic Nematodes in Biological Control (Gaugler, R. and Kaya, H. K., Eds) CRC Press, Boca Raton, FL, pp. 195-214.",Cyclocephala borealis,Steinernema carpocapsae
152,1271,"Klein, M. G., 1990.  Efficacy against soil-inhabiting insect pests, in Entomopathogenic Nematodes in Biological Control (Gaugler, R. and Kaya, H. K., Eds) CRC Press, Boca Raton, FL, pp. 195-214.",Cyclocephala borealis,Heterorhabditis bacteriophora
153,1271,"Klein, M. G., 1990.  Efficacy against soil-inhabiting insect pests, in Entomopathogenic Nematodes in Biological Control (Gaugler, R. and Kaya, H. K., Eds) CRC Press, Boca Raton, FL, pp. 195-214.",Cyclocephala hirta,Heterorhabditis bacteriophora
154,1271,"Klein, M. G., 1990.  Efficacy against soil-inhabiting insect pests, in Entomopathogenic Nematodes in Biological Control (Gaugler, R. and Kaya, H. K., Eds) CRC Press, Boca Raton, FL, pp. 195-214.",Popillia japonica,Heterorhabditis bacteriophora
155,1271,"Klein, M. G., 1990.  Efficacy against soil-inhabiting insect pests, in Entomopathogenic Nematodes in Biological Control (Gaugler, R. and Kaya, H. K., Eds) CRC Press, Boca Raton, FL, pp. 195-214.",Popillia japonica,Heterorhabditis sp.
156,1271,"Klein, M. G., 1990.  Efficacy against soil-inhabiting insect pests, in Entomopathogenic Nematodes in Biological Control (Gaugler, R. and Kaya, H. K., Eds) CRC Press, Boca Raton, FL, pp. 195-214.",Popillia japonica,Steinernema carpocapsae
157,1271,"Klein, M. G., 1990.  Efficacy against soil-inhabiting insect pests, in Entomopathogenic Nematodes in Biological Control (Gaugler, R. and Kaya, H. K., Eds) CRC Press, Boca Raton, FL, pp. 195-214.",Rhizotrogus majalis,Steinernema carpocapsae
158,1271,"Klein, M. G., 1990.  Efficacy against soil-inhabiting insect pests, in Entomopathogenic Nematodes in Biological Control (Gaugler, R. and Kaya, H. K., Eds) CRC Press, Boca Raton, FL, pp. 195-214.",Rhizotrogus majalis,Steinernema glaseri
159,1271,"Klein, M. G., 1990.  Efficacy against soil-inhabiting insect pests, in Entomopathogenic Nematodes in Biological Control (Gaugler, R. and Kaya, H. K., Eds) CRC Press, Boca Raton, FL, pp. 195-214.",Rhizotrogus majalis,Heterorhabditis bacteriophora
160,1271,"Klein, M. G., 1990.  Efficacy against soil-inhabiting insect pests, in Entomopathogenic Nematodes in Biological Control (Gaugler, R. and Kaya, H. K., Eds) CRC Press, Boca Raton, FL, pp. 195-214.",Rhizotrogus majalis,Heterorhabditis sp.
161,1274,"Peters, A., 1996.  The natural host range of Steinernema and Heterorhabditis spp. and their impact on insect populations.  Biocontrol Science and Technology 6: 389-402.",Phyllopertha horticola,Heterorhabditis megidis
162,1271,"Klein, M. G., 1990.  Efficacy against soil-inhabiting insect pests, in Entomopathogenic Nematodes in Biological Control (Gaugler, R. and Kaya, H. K., Eds) CRC Press, Boca Raton, FL, pp. 195-214.",Costelytra zealandica,Steinernema glaseri
163,1271,"Klein, M. G., 1990.  Efficacy against soil-inhabiting insect pests, in Entomopathogenic Nematodes in Biological Control (Gaugler, R. and Kaya, H. K., Eds) CRC Press, Boca Raton, FL, pp. 195-214.",Costelytra zealandica,Heterorhabditis bacteriophora
164,1271,"Klein, M. G., 1990.  Efficacy against soil-inhabiting insect pests, in Entomopathogenic Nematodes in Biological Control (Gaugler, R. and Kaya, H. K., Eds) CRC Press, Boca Raton, FL, pp. 195-214.",Adoryphorus couloni,Steinernema glaseri
165,1271,"Klein, M. G., 1990.  Efficacy against soil-inhabiting insect pests, in Entomopathogenic Nematodes in Biological Control (Gaugler, R. and Kaya, H. K., Eds) CRC Press, Boca Raton, FL, pp. 195-214.",Alissonotum impressicolle,Steinernema glaseri
166,1271,"Klein, M. G., 1990.  Efficacy against soil-inhabiting insect pests, in Entomopathogenic Nematodes in Biological Control (Gaugler, R. and Kaya, H. K., Eds) CRC Press, Boca Raton, FL, pp. 195-214.",Ligyrus subtropicus,Steinernema glaseri
167,1271,"Klein, M. G., 1990.  Efficacy against soil-inhabiting insect pests, in Entomopathogenic Nematodes in Biological Control (Gaugler, R. and Kaya, H. K., Eds) CRC Press, Boca Raton, FL, pp. 195-214.",Alissonotum impressicolle,Heterorhabditis sp.
168,1271,"Klein, M. G., 1990.  Efficacy against soil-inhabiting insect pests, in Entomopathogenic Nematodes in Biological Control (Gaugler, R. and Kaya, H. K., Eds) CRC Press, Boca Raton, FL, pp. 195-214.",Ligyrus subtropicus,Steinernema carpocapsae
169,1271,"Klein, M. G., 1990.  Efficacy against soil-inhabiting insect pests, in Entomopathogenic Nematodes in Biological Control (Gaugler, R. and Kaya, H. K., Eds) CRC Press, Boca Raton, FL, pp. 195-214.",Popillia japonica,Steinernema carpocapsae
170,1271,"Klein, M. G., 1990.  Efficacy against soil-inhabiting insect pests, in Entomopathogenic Nematodes in Biological Control (Gaugler, R. and Kaya, H. K., Eds) CRC Press, Boca Raton, FL, pp. 195-214.",Otiorhynchus sulcatus,Heterorhabditis bacteriophora
171,1271,"Klein, M. G., 1990.  Efficacy against soil-inhabiting insect pests, in Entomopathogenic Nematodes in Biological Control (Gaugler, R. and Kaya, H. K., Eds) CRC Press, Boca Raton, FL, pp. 195-214.",Otiorhynchus sulcatus,Heterorhabditis bacteriophora
172,1271,"Klein, M. G., 1990.  Efficacy against soil-inhabiting insect pests, in Entomopathogenic Nematodes in Biological Control (Gaugler, R. and Kaya, H. K., Eds) CRC Press, Boca Raton, FL, pp. 195-214.",Otiorhynchus sulcatus,Heterorhabditis sp.
173,1271,"Klein, M. G., 1990.  Efficacy against soil-inhabiting insect pests, in Entomopathogenic Nematodes in Biological Control (Gaugler, R. and Kaya, H. K., Eds) CRC Press, Boca Raton, FL, pp. 195-214.",Otiorhynchus ovatus,Steinernema carpocapsae
174,1271,"Klein, M. G., 1990.  Efficacy against soil-inhabiting insect pests, in Entomopathogenic Nematodes in Biological Control (Gaugler, R. and Kaya, H. K., Eds) CRC Press, Boca Raton, FL, pp. 195-214.",Otiorhynchus ovatus,Steinernema glaseri
175,1271,"Klein, M. G., 1990.  Efficacy against soil-inhabiting insect pests, in Entomopathogenic Nematodes in Biological Control (Gaugler, R. and Kaya, H. K., Eds) CRC Press, Boca Raton, FL, pp. 195-214.",Otiorhynchus ovatus,Heterorhabditis bacteriophora
176,1271,"Klein, M. G., 1990.  Efficacy against soil-inhabiting insect pests, in Entomopathogenic Nematodes in Biological Control (Gaugler, R. and Kaya, H. K., Eds) CRC Press, Boca Raton, FL, pp. 195-214.",Diaprepes abbreviatus,Steinernema carpocapsae
177,1271,"Klein, M. G., 1990.  Efficacy against soil-inhabiting insect pests, in Entomopathogenic Nematodes in Biological Control (Gaugler, R. and Kaya, H. K., Eds) CRC Press, Boca Raton, FL, pp. 195-214.",Diaprepes abbreviatus,Steinernema glaseri
178,1271,"Klein, M. G., 1990.  Efficacy against soil-inhabiting insect pests, in Entomopathogenic Nematodes in Biological Control (Gaugler, R. and Kaya, H. K., Eds) CRC Press, Boca Raton, FL, pp. 195-214.",Graphognathus sp.,Steinernema carpocapsae
179,1271,"Klein, M. G., 1990.  Efficacy against soil-inhabiting insect pests, in Entomopathogenic Nematodes in Biological Control (Gaugler, R. and Kaya, H. K., Eds) CRC Press, Boca Raton, FL, pp. 195-214.",Graphognathus sp.,Steinernema glaseri
180,1271,"Klein, M. G., 1990.  Efficacy against soil-inhabiting insect pests, in Entomopathogenic Nematodes in Biological Control (Gaugler, R. and Kaya, H. K., Eds) CRC Press, Boca Raton, FL, pp. 195-214.",Hylobius abietis,Steinernema carpocapsae
181,1271,"Klein, M. G., 1990.  Efficacy against soil-inhabiting insect pests, in Entomopathogenic Nematodes in Biological Control (Gaugler, R. and Kaya, H. K., Eds) CRC Press, Boca Raton, FL, pp. 195-214.",Curculio caryae,Steinernema carpocapsae
182,1271,"Klein, M. G., 1990.  Efficacy against soil-inhabiting insect pests, in Entomopathogenic Nematodes in Biological Control (Gaugler, R. and Kaya, H. K., Eds) CRC Press, Boca Raton, FL, pp. 195-214.",Sphenophorus parvulus,Steinernema carpocapsae
183,1271,"Klein, M. G., 1990.  Efficacy against soil-inhabiting insect pests, in Entomopathogenic Nematodes in Biological Control (Gaugler, R. and Kaya, H. K., Eds) CRC Press, Boca Raton, FL, pp. 195-214.",Sphenophorus parvulus,Heterorhabditis bacteriophora
8,1301,"Begley, J. W., 1990.  Efficacy against insect in habitats other than soil, in Entomopathogenic Nematodes in Biological Control (Gaugler, R. and Kaya, H. K., Eds) CRC Press, Boca Raton, FL, pp. 195-214.",Anasa tristis,Steinernema carpocapsae
184,1301,"Begley, J. W., 1990.  Efficacy against insect in habitats other than soil, in Entomopathogenic Nematodes in Biological Control (Gaugler, R. and Kaya, H. K., Eds) CRC Press, Boca Raton, FL, pp. 195-214.",Holcocerus insularis,Steinernema affinis
9,1301,"Begley, J. W., 1990.  Efficacy against insect in habitats other than soil, in Entomopathogenic Nematodes in Biological Control (Gaugler, R. and Kaya, H. K., Eds) CRC Press, Boca Raton, FL, pp. 195-214.",Amyelois transitella,Steinernema carpocapsae
185,1301,"Begley, J. W., 1990.  Efficacy against insect in habitats other than soil, in Entomopathogenic Nematodes in Biological Control (Gaugler, R. and Kaya, H. K., Eds) CRC Press, Boca Raton, FL, pp. 195-214.",Cydia pomonella,Steinernema carpocapsae
186,1301,"Begley, J. W., 1990.  Efficacy against insect in habitats other than soil, in Entomopathogenic Nematodes in Biological Control (Gaugler, R. and Kaya, H. K., Eds) CRC Press, Boca Raton, FL, pp. 195-214.",Platyptilia carduidactyla,Steinernema carpocapsae
187,1301,"Begley, J. W., 1990.  Efficacy against insect in habitats other than soil, in Entomopathogenic Nematodes in Biological Control (Gaugler, R. and Kaya, H. K., Eds) CRC Press, Boca Raton, FL, pp. 195-214.",Monochamus alternatus,Steinernema carpocapsae
188,1301,"Begley, J. W., 1990.  Efficacy against insect in habitats other than soil, in Entomopathogenic Nematodes in Biological Control (Gaugler, R. and Kaya, H. K., Eds) CRC Press, Boca Raton, FL, pp. 195-214.",Monochamus alternatus,Steinernema glaseri
10,1301,"Begley, J. W., 1990.  Efficacy against insect in habitats other than soil, in Entomopathogenic Nematodes in Biological Control (Gaugler, R. and Kaya, H. K., Eds) CRC Press, Boca Raton, FL, pp. 195-214.",Monochamus alternatus,Steinernema feltiae
189,1301,"Begley, J. W., 1990.  Efficacy against insect in habitats other than soil, in Entomopathogenic Nematodes in Biological Control (Gaugler, R. and Kaya, H. K., Eds) CRC Press, Boca Raton, FL, pp. 195-214.",Monochamus alternatus,Heterorhabditis bacteriophora
190,1301,"Begley, J. W., 1990.  Efficacy against insect in habitats other than soil, in Entomopathogenic Nematodes in Biological Control (Gaugler, R. and Kaya, H. K., Eds) CRC Press, Boca Raton, FL, pp. 195-214.",Liriomyza trifolii,Steinernema carpocapsae
191,1301,"Begley, J. W., 1990.  Efficacy against insect in habitats other than soil, in Entomopathogenic Nematodes in Biological Control (Gaugler, R. and Kaya, H. K., Eds) CRC Press, Boca Raton, FL, pp. 195-214.",Blattella germanica,Steinernema carpocapsae
227,1301,"Begley, J. W., 1990.  Efficacy against insect in habitats other than soil, in Entomopathogenic Nematodes in Biological Control (Gaugler, R. and Kaya, H. K., Eds) CRC Press, Boca Raton, FL, pp. 195-214.",Periplaneta americana,Heterorhabditis zealandica
20,1301,"Begley, J. W., 1990.  Efficacy against insect in habitats other than soil, in Entomopathogenic Nematodes in Biological Control (Gaugler, R. and Kaya, H. K., Eds) CRC Press, Boca Raton, FL, pp. 195-214.",Musca domestica,Heterorhabditis bacteriophora
21,1301,"Begley, J. W., 1990.  Efficacy against insect in habitats other than soil, in Entomopathogenic Nematodes in Biological Control (Gaugler, R. and Kaya, H. K., Eds) CRC Press, Boca Raton, FL, pp. 195-214.",Musca domestica,Steinernema carpocapsae
192,1301,"Begley, J. W., 1990.  Efficacy against insect in habitats other than soil, in Entomopathogenic Nematodes in Biological Control (Gaugler, R. and Kaya, H. K., Eds) CRC Press, Boca Raton, FL, pp. 195-214.",Lycoriella auripila,Steinernema carpocapsae
11,1301,"Begley, J. W., 1990.  Efficacy against insect in habitats other than soil, in Entomopathogenic Nematodes in Biological Control (Gaugler, R. and Kaya, H. K., Eds) CRC Press, Boca Raton, FL, pp. 195-214.",Lycoriella auripila,Steinernema feltiae
22,1301,"Begley, J. W., 1990.  Efficacy against insect in habitats other than soil, in Entomopathogenic Nematodes in Biological Control (Gaugler, R. and Kaya, H. K., Eds) CRC Press, Boca Raton, FL, pp. 195-214.",Lycoriella auripila,Heterorhabditis bacteriophora
193,1301,"Begley, J. W., 1990.  Efficacy against insect in habitats other than soil, in Entomopathogenic Nematodes in Biological Control (Gaugler, R. and Kaya, H. K., Eds) CRC Press, Boca Raton, FL, pp. 195-214.",Alphitobius diaperinus,Steinernema carpocapsae
194,1301,"Begley, J. W., 1990.  Efficacy against insect in habitats other than soil, in Entomopathogenic Nematodes in Biological Control (Gaugler, R. and Kaya, H. K., Eds) CRC Press, Boca Raton, FL, pp. 195-214.",Lissorhoptrus oryzophilus,Steinernema carpocapsae
23,1293,"Nguyen, K. B. and Smart, G. C., 1991. Pathogenicity of Steinernema scapterisci to selected invertebrates.  Journal of Nematology 23: 7-11.",Gryllus sp.,Steinernema scapterisci
24,1293,"Nguyen, K. B. and Smart, G. C., 1991. Pathogenicity of Steinernema scapterisci to selected invertebrates.  Journal of Nematology 23: 7-11.",Periplaneta americana,Steinernema scapterisci
25,1293,"Nguyen, K. B. and Smart, G. C., 1991. Pathogenicity of Steinernema scapterisci to selected invertebrates.  Journal of Nematology 23: 7-11.",Scapteriscus abbreviatus,Steinernema scapterisci
26,1293,"Nguyen, K. B. and Smart, G. C., 1991. Pathogenicity of Steinernema scapterisci to selected invertebrates.  Journal of Nematology 23: 7-11.",Anticarsia gemmatalis,Steinernema scapterisci
27,1293,"Nguyen, K. B. and Smart, G. C., 1991. Pathogenicity of Steinernema scapterisci to selected invertebrates.  Journal of Nematology 23: 7-11.",Feltia subterranea,Steinernema scapterisci
28,1293,"Nguyen, K. B. and Smart, G. C., 1991. Pathogenicity of Steinernema scapterisci to selected invertebrates.  Journal of Nematology 23: 7-11.",Galleria mellonella,Steinernema scapterisci
29,1293,"Nguyen, K. B. and Smart, G. C., 1991. Pathogenicity of Steinernema scapterisci to selected invertebrates.  Journal of Nematology 23: 7-11.",Spodoptera frugiperda,Steinernema scapterisci
30,1293,"Nguyen, K. B. and Smart, G. C., 1991. Pathogenicity of Steinernema scapterisci to selected invertebrates.  Journal of Nematology 23: 7-11.",Apis mellifera,Steinernema scapterisci
195,1307,"Koppenhofer, A., observer.  Department of Nematology, University of California-Davis, Davis, CA 95616.",Sphenophorus venatus,Heterorhabditis bacteriophora
196,1271,"Klein, M. G., 1990.  Efficacy against soil-inhabiting insect pests, in Entomopathogenic Nematodes in Biological Control (Gaugler, R. and Kaya, H. K., Eds) CRC Press, Boca Raton, FL, pp. 195-214.",Cyclocephala borealis,Steinernema carpocapsae
197,1271,"Klein, M. G., 1990.  Efficacy against soil-inhabiting insect pests, in Entomopathogenic Nematodes in Biological Control (Gaugler, R. and Kaya, H. K., Eds) CRC Press, Boca Raton, FL, pp. 195-214.",Cyclocephala borealis,Steinernema carpocapsae
198,1271,"Klein, M. G., 1990.  Efficacy against soil-inhabiting insect pests, in Entomopathogenic Nematodes in Biological Control (Gaugler, R. and Kaya, H. K., Eds) CRC Press, Boca Raton, FL, pp. 195-214.",Cyclocephala borealis,Steinernema carpocapsae
199,1271,"Klein, M. G., 1990.  Efficacy against soil-inhabiting insect pests, in Entomopathogenic Nematodes in Biological Control (Gaugler, R. and Kaya, H. K., Eds) CRC Press, Boca Raton, FL, pp. 195-214.",Cyclocephala borealis,Steinernema carpocapsae
200,1271,"Klein, M. G., 1990.  Efficacy against soil-inhabiting insect pests, in Entomopathogenic Nematodes in Biological Control (Gaugler, R. and Kaya, H. K., Eds) CRC Press, Boca Raton, FL, pp. 195-214.",Cyclocephala borealis,Steinernema carpocapsae
201,1271,"Klein, M. G., 1990.  Efficacy against soil-inhabiting insect pests, in Entomopathogenic Nematodes in Biological Control (Gaugler, R. and Kaya, H. K., Eds) CRC Press, Boca Raton, FL, pp. 195-214.",Cyclocephala borealis,Steinernema carpocapsae
202,1271,"Klein, M. G., 1990.  Efficacy against soil-inhabiting insect pests, in Entomopathogenic Nematodes in Biological Control (Gaugler, R. and Kaya, H. K., Eds) CRC Press, Boca Raton, FL, pp. 195-214.",Cyclocephala borealis,Steinernema anomali
203,1271,"Klein, M. G., 1990.  Efficacy against soil-inhabiting insect pests, in Entomopathogenic Nematodes in Biological Control (Gaugler, R. and Kaya, H. K., Eds) CRC Press, Boca Raton, FL, pp. 195-214.",Cyclocephala borealis,Steinernema glaseri
204,1271,"Klein, M. G., 1990.  Efficacy against soil-inhabiting insect pests, in Entomopathogenic Nematodes in Biological Control (Gaugler, R. and Kaya, H. K., Eds) CRC Press, Boca Raton, FL, pp. 195-214.",Cyclocephala borealis,Heterorhabditis bacteriophora
205,1271,"Klein, M. G., 1990.  Efficacy against soil-inhabiting insect pests, in Entomopathogenic Nematodes in Biological Control (Gaugler, R. and Kaya, H. K., Eds) CRC Press, Boca Raton, FL, pp. 195-214.",Cyclocephala borealis,Heterorhabditis megidis
206,1271,"Klein, M. G., 1990.  Efficacy against soil-inhabiting insect pests, in Entomopathogenic Nematodes in Biological Control (Gaugler, R. and Kaya, H. K., Eds) CRC Press, Boca Raton, FL, pp. 195-214.",Popillia japonica,Steinernema carpocapsae
207,1271,"Klein, M. G., 1990.  Efficacy against soil-inhabiting insect pests, in Entomopathogenic Nematodes in Biological Control (Gaugler, R. and Kaya, H. K., Eds) CRC Press, Boca Raton, FL, pp. 195-214.",Popillia japonica,Steinernema carpocapsae
208,1271,"Klein, M. G., 1990.  Efficacy against soil-inhabiting insect pests, in Entomopathogenic Nematodes in Biological Control (Gaugler, R. and Kaya, H. K., Eds) CRC Press, Boca Raton, FL, pp. 195-214.",Popillia japonica,Steinernema carpocapsae
209,1271,"Klein, M. G., 1990.  Efficacy against soil-inhabiting insect pests, in Entomopathogenic Nematodes in Biological Control (Gaugler, R. and Kaya, H. K., Eds) CRC Press, Boca Raton, FL, pp. 195-214.",Popillia japonica,Steinernema carpocapsae
210,1271,"Klein, M. G., 1990.  Efficacy against soil-inhabiting insect pests, in Entomopathogenic Nematodes in Biological Control (Gaugler, R. and Kaya, H. K., Eds) CRC Press, Boca Raton, FL, pp. 195-214.",Popillia japonica,Steinernema carpocapsae
211,1271,"Klein, M. G., 1990.  Efficacy against soil-inhabiting insect pests, in Entomopathogenic Nematodes in Biological Control (Gaugler, R. and Kaya, H. K., Eds) CRC Press, Boca Raton, FL, pp. 195-214.",Popillia japonica,Steinernema carpocapsae
212,1271,"Klein, M. G., 1990.  Efficacy against soil-inhabiting insect pests, in Entomopathogenic Nematodes in Biological Control (Gaugler, R. and Kaya, H. K., Eds) CRC Press, Boca Raton, FL, pp. 195-214.",Popillia japonica,Steinernema anomali
213,1271,"Klein, M. G., 1990.  Efficacy against soil-inhabiting insect pests, in Entomopathogenic Nematodes in Biological Control (Gaugler, R. and Kaya, H. K., Eds) CRC Press, Boca Raton, FL, pp. 195-214.",Popillia japonica,Steinernema glaseri
214,1271,"Klein, M. G., 1990.  Efficacy against soil-inhabiting insect pests, in Entomopathogenic Nematodes in Biological Control (Gaugler, R. and Kaya, H. K., Eds) CRC Press, Boca Raton, FL, pp. 195-214.",Popillia japonica,Heterorhabditis bacteriophora
215,1237,"Poinar, G. O., Jr., 1992. Nematodes associated with Scarabaeidae, in  Use of Pathogens in Scarab Pest Management (Jackson, T.A. & Glare, T.R., eds.) Intercept, Andover. pp 93-109",Melolontha afflicta,Steinernema bothynodera
216,1237,"Poinar, G. O., Jr., 1992. Nematodes associated with Scarabaeidae, in  Use of Pathogens in Scarab Pest Management (Jackson, T.A. & Glare, T.R., eds.) Intercept, Andover. pp 93-109",Amphimallon solstitialis,Steinernema georgica
217,1310,"Bathon, H., 1996. Impact of entomopathogenic nematodes on non-target hosts.  Biocontrol Science and technology 6: 421-434.",Eupeodes corollae,Steinernema feltiae
218,1310,"Bathon, H., 1996. Impact of entomopathogenic nematodes on non-target hosts.  Biocontrol Science and technology 6: 421-434.",Eupeodes corollae,Heterorhabditis bacteriophora
219,1310,"Bathon, H., 1996. Impact of entomopathogenic nematodes on non-target hosts.  Biocontrol Science and technology 6: 421-434.",Pterostichus cupreus,Heterorhabditis bacteriophora
220,1310,"Bathon, H., 1996. Impact of entomopathogenic nematodes on non-target hosts.  Biocontrol Science and technology 6: 421-434.",Pterostichus cupreus,Heterorhabditis bacteriophora
221,1310,"Bathon, H., 1996. Impact of entomopathogenic nematodes on non-target hosts.  Biocontrol Science and technology 6: 421-434.",Pterostichus cupreus,Heterorhabditis sp.
222,1310,"Bathon, H., 1996. Impact of entomopathogenic nematodes on non-target hosts.  Biocontrol Science and technology 6: 421-434.",Platynus dorsalis,Heterorhabditis sp.
223,1310,"Bathon, H., 1996. Impact of entomopathogenic nematodes on non-target hosts.  Biocontrol Science and technology 6: 421-434.",Eupeodes corollae,Heterorhabditis sp.
224,1310,"Bathon, H., 1996. Impact of entomopathogenic nematodes on non-target hosts.  Biocontrol Science and technology 6: 421-434.",Pterostichus cupreus,Steinernema feltiae
31,1310,"Bathon, H., 1996. Impact of entomopathogenic nematodes on non-target hosts.  Biocontrol Science and technology 6: 421-434.",Platynus dorsalis,Steinernema feltiae
33,1274,"Peters, A., 1996.  The natural host range of Steinernema and Heterorhabditis spp. and their impact on insect populations.  Biocontrol Science and Technology 6: 389-402.",Bibio hortulana,Steinernema affinis
36,1274,"Peters, A., 1996.  The natural host range of Steinernema and Heterorhabditis spp. and their impact on insect populations.  Biocontrol Science and Technology 6: 389-402.",Anomala dubia,Steinernema arenarium
37,1274,"Peters, A., 1996.  The natural host range of Steinernema and Heterorhabditis spp. and their impact on insect populations.  Biocontrol Science and Technology 6: 389-402.",Anomala dubia,Steinernema arenarium
39,1274,"Peters, A., 1996.  The natural host range of Steinernema and Heterorhabditis spp. and their impact on insect populations.  Biocontrol Science and Technology 6: 389-402.",Agriotes lineatus,Steinernema carpocapsae
40,1275,"Glaser, R. W., McCoy, E. E. and Girth, H. G., 1942.  The biology and culture of Neoaplectana chresima, a new nematode parasitic in insects.  J. Parasitol. 26: 49-495.",Popillia japonica,Steinernema carpocapsae
41,1274,"Peters, A., 1996.  The natural host range of Steinernema and Heterorhabditis spp. and their impact on insect populations.  Biocontrol Science and Technology 6: 389-402.",Popillia japonica,Steinernema carpocapsae
42,1277,"Ahmad, R., 1974.  Studies on Graphognathus leucolma (Boh.) Col: Curculionidae and its natural enemies in the central provinces of Argentina.  Tech. Bull. Commonw. Inst. Biol. Control 17: 19-28.",Graphognathus leucoloma,Steinernema carpocapsae
43,1274,"Peters, A., 1996.  The natural host range of Steinernema and Heterorhabditis spp. and their impact on insect populations.  Biocontrol Science and Technology 6: 389-402.",Otiorhynchus sulcatus,Steinernema carpocapsae
44,1274,"Peters, A., 1996.  The natural host range of Steinernema and Heterorhabditis spp. and their impact on insect populations.  Biocontrol Science and Technology 6: 389-402.",Cleonis mendicus,Steinernema carpocapsae
45,1274,"Peters, A., 1996.  The natural host range of Steinernema and Heterorhabditis spp. and their impact on insect populations.  Biocontrol Science and Technology 6: 389-402.",Hylobius pales,Steinernema carpocapsae
46,1274,"Peters, A., 1996.  The natural host range of Steinernema and Heterorhabditis spp. and their impact on insect populations.  Biocontrol Science and Technology 6: 389-402.",Vespula sp.,Steinernema carpocapsae
229,1274,"Peters, A., 1996.  The natural host range of Steinernema and Heterorhabditis spp. and their impact on insect populations.  Biocontrol Science and Technology 6: 389-402.",Cephalcia lariciphila,Steinernema carpocapsae
230,1274,"Peters, A., 1996.  The natural host range of Steinernema and Heterorhabditis spp. and their impact on insect populations.  Biocontrol Science and Technology 6: 389-402.",Rhagoletis pomonella,Steinernema carpocapsae
47,1279,"Dutky, S. R.; and Hough, W.S., 1955. Note on a parasitic nematode from codling moth larvae, Carpocapsae pomonella.  Proc. Entomol. Soc. Wash. 57:244.",Cydia pomonella,Steinernema carpocapsae
48,1274,"Peters, A., 1996.  The natural host range of Steinernema and Heterorhabditis spp. and their impact on insect populations.  Biocontrol Science and Technology 6: 389-402.",Cydia pomonella,Steinernema carpocapsae
49,1274,"Peters, A., 1996.  The natural host range of Steinernema and Heterorhabditis spp. and their impact on insect populations.  Biocontrol Science and Technology 6: 389-402.",Cydia pomonella,Steinernema carpocapsae
50,1274,"Peters, A., 1996.  The natural host range of Steinernema and Heterorhabditis spp. and their impact on insect populations.  Biocontrol Science and Technology 6: 389-402.",Cydia pomonella,Steinernema carpocapsae
51,1280,"Sandner, H. and Seryczynska, H., 1971.  Changes in the ultrastructure of the fat-body of Galleria mellonella L. under the influence of invasion by Neoaplectana carpocapsae Weiser (Nematoda, Steinernematidae). Bull. l’Acad. Pol. Sci. 19: 67-69.",Cydia pomonella,Steinernema carpocapsae
52,1281,"Stanuszek, S. 1974. Neoaplectana feltiae complex (Nematoda: Thabditoidea, Steinernematidae) its taxonomic position within the genus Neoaplectana and intraspecific structure.  Zesz. Probl. Postepów Nauk Roln. 154: 331-360.",Cydia pomonella,Steinernema carpocapsae
53,1274,"Peters, A., 1996.  The natural host range of Steinernema and Heterorhabditis spp. and their impact on insect populations.  Biocontrol Science and Technology 6: 389-402.",Cydia pomonella,Steinernema carpocapsae
55,1282,"Stanuszek, S. 1970. Neoaplectana feltiae (Filipjev, 1934) --a facultative parasite of the caterpillars of Agrotinae in Poland.  Zesz. Probl. Postepów Nauk Roln. 154: 331-360.",Agrotis segetum,Steinernema carpocapsae
56,1275,"Glaser, R. W., McCoy, E. E. and Girth, H. G., 1942.  The biology and culture of Neoaplectana chresima, a new nematode parasitic in insects.  J. Parasitol. 26: 49-495.",Helicoverpa armigera,Steinernema carpocapsae
226,1274,"Peters, A., 1996.  The natural host range of Steinernema and Heterorhabditis spp. and their impact on insect populations.  Biocontrol Science and Technology 6: 389-402.",Pieris brassicae,Steinernema carpocapsae
57,1274,"Peters, A., 1996.  The natural host range of Steinernema and Heterorhabditis spp. and their impact on insect populations.  Biocontrol Science and Technology 6: 389-402.",Vitacea polistiformis,Steinernema carpocapsae
63,1274,"Peters, A., 1996.  The natural host range of Steinernema and Heterorhabditis spp. and their impact on insect populations.  Biocontrol Science and Technology 6: 389-402.",Amphimallon solstitialis,Steinernema feltiae
65,1274,"Peters, A., 1996.  The natural host range of Steinernema and Heterorhabditis spp. and their impact on insect populations.  Biocontrol Science and Technology 6: 389-402.",Onitis alexis,Steinernema feltiae
66,1274,"Peters, A., 1996.  The natural host range of Steinernema and Heterorhabditis spp. and their impact on insect populations.  Biocontrol Science and Technology 6: 389-402.",Pentodon algerinum,Steinernema feltiae
68,1274,"Peters, A., 1996.  The natural host range of Steinernema and Heterorhabditis spp. and their impact on insect populations.  Biocontrol Science and Technology 6: 389-402.",Graphognathus leucoloma,Steinernema feltiae
69,1286,"Molyneux, A. S., Bedding, R. A. and Akhurst, R. J., 1983.  Susceptibility of larvae of the sheep blowfly Lucilia cuprina to various Heterorhabditis spp., Neoaplectana spp., and an undescribed steinernematid (Nematoda).  J. Invertebr. Pathol. 42: 1-7.",Otiorhynchus sulcatus,Steinernema feltiae
70,1274,"Peters, A., 1996.  The natural host range of Steinernema and Heterorhabditis spp. and their impact on insect populations.  Biocontrol Science and Technology 6: 389-402.",Otiorhynchus ovatus,Steinernema feltiae
71,1274,"Peters, A., 1996.  The natural host range of Steinernema and Heterorhabditis spp. and their impact on insect populations.  Biocontrol Science and Technology 6: 389-402.",Otiorhynchus dubius,Steinernema feltiae
72,1274,"Peters, A., 1996.  The natural host range of Steinernema and Heterorhabditis spp. and their impact on insect populations.  Biocontrol Science and Technology 6: 389-402.",Phyllobius urticae,Steinernema feltiae
73,1274,"Peters, A., 1996.  The natural host range of Steinernema and Heterorhabditis spp. and their impact on insect populations.  Biocontrol Science and Technology 6: 389-402.",Bothynoderis punctiventris,Steinernema feltiae
75,1274,"Peters, A., 1996.  The natural host range of Steinernema and Heterorhabditis spp. and their impact on insect populations.  Biocontrol Science and Technology 6: 389-402.",Bibio hortulana,Steinernema feltiae
76,1274,"Peters, A., 1996.  The natural host range of Steinernema and Heterorhabditis spp. and their impact on insect populations.  Biocontrol Science and Technology 6: 389-402.",Bibio ferruginatus,Steinernema feltiae
80,1274,"Peters, A., 1996.  The natural host range of Steinernema and Heterorhabditis spp. and their impact on insect populations.  Biocontrol Science and Technology 6: 389-402.",Helicoverpa armigera,Steinernema feltiae
81,1274,"Peters, A., 1996.  The natural host range of Steinernema and Heterorhabditis spp. and their impact on insect populations.  Biocontrol Science and Technology 6: 389-402.",Crambus simplex,Steinernema feltiae
82,1274,"Peters, A., 1996.  The natural host range of Steinernema and Heterorhabditis spp. and their impact on insect populations.  Biocontrol Science and Technology 6: 389-402.",Agrotis ipsilon,Steinernema feltiae
83,1274,"Peters, A., 1996.  The natural host range of Steinernema and Heterorhabditis spp. and their impact on insect populations.  Biocontrol Science and Technology 6: 389-402.",Agrotis segetum,Steinernema feltiae
85,1274,"Peters, A., 1996.  The natural host range of Steinernema and Heterorhabditis spp. and their impact on insect populations.  Biocontrol Science and Technology 6: 389-402.",Migdolus fryanus,Steinernema glaseri
86,1276,"Glaser, R. W., 1932.  A pathogenic nematode of the Japanese beetle.  J. Parasitol. 18: 119.",Popillia japonica,Steinernema glaseri
87,1274,"Peters, A., 1996.  The natural host range of Steinernema and Heterorhabditis spp. and their impact on insect populations.  Biocontrol Science and Technology 6: 389-402.",Strigoderma arboricola,Steinernema glaseri
88,1274,"Peters, A., 1996.  The natural host range of Steinernema and Heterorhabditis spp. and their impact on insect populations.  Biocontrol Science and Technology 6: 389-402.",Anomala flavipennis,Steinernema glaseri
232,1274,"Peters, A., 1996.  The natural host range of Steinernema and Heterorhabditis spp. and their impact on insect populations.  Biocontrol Science and Technology 6: 389-402.",Cephalcia abietis,Steinernema kraussei 
89,1274,"Peters, A., 1996.  The natural host range of Steinernema and Heterorhabditis spp. and their impact on insect populations.  Biocontrol Science and Technology 6: 389-402.",Cephalcia abietis,Steinernema kraussei
92,1274,"Peters, A., 1996.  The natural host range of Steinernema and Heterorhabditis spp. and their impact on insect populations.  Biocontrol Science and Technology 6: 389-402.",Cephalcia falleni,Steinernema kraussei
93,1274,"Peters, A., 1996.  The natural host range of Steinernema and Heterorhabditis spp. and their impact on insect populations.  Biocontrol Science and Technology 6: 389-402.",Anomala cuprea,Steinernema kushidai
13,1274,"Peters, A., 1996.  The natural host range of Steinernema and Heterorhabditis spp. and their impact on insect populations.  Biocontrol Science and Technology 6: 389-402.",Neocurtilla hexadactyla,Steinernema neocurtillis
94,1274,"Peters, A., 1996.  The natural host range of Steinernema and Heterorhabditis spp. and their impact on insect populations.  Biocontrol Science and Technology 6: 389-402.",Heliothis sp.,Steinernema rarum
233,1274,"Peters, A., 1996.  The natural host range of Steinernema and Heterorhabditis spp. and their impact on insect populations.  Biocontrol Science and Technology 6: 389-402.",Helicoverpa zea,Steinernema riobravis
234,1274,"Peters, A., 1996.  The natural host range of Steinernema and Heterorhabditis spp. and their impact on insect populations.  Biocontrol Science and Technology 6: 389-402.",Spodoptera frugiperda,Steinernema riobravis
14,1274,"Peters, A., 1996.  The natural host range of Steinernema and Heterorhabditis spp. and their impact on insect populations.  Biocontrol Science and Technology 6: 389-402.",Scapteriscus vicinus,Steinernema scapterisci
95,1274,"Peters, A., 1996.  The natural host range of Steinernema and Heterorhabditis spp. and their impact on insect populations.  Biocontrol Science and Technology 6: 389-402.",Scapteriscus borellii,Steinernema scapterisci
16,1274,"Peters, A., 1996.  The natural host range of Steinernema and Heterorhabditis spp. and their impact on insect populations.  Biocontrol Science and Technology 6: 389-402.",Scapteriscus borellii,Steinernema scapterisci
98,1274,"Peters, A., 1996.  The natural host range of Steinernema and Heterorhabditis spp. and their impact on insect populations.  Biocontrol Science and Technology 6: 389-402.",Scitala sericans,Steinernema sp.
99,1274,"Peters, A., 1996.  The natural host range of Steinernema and Heterorhabditis spp. and their impact on insect populations.  Biocontrol Science and Technology 6: 389-402.",Adoryphorus couloni,Steinernema sp.
101,1274,"Peters, A., 1996.  The natural host range of Steinernema and Heterorhabditis spp. and their impact on insect populations.  Biocontrol Science and Technology 6: 389-402.",Graphognathus sp.,Steinernema sp.
105,1274,"Peters, A., 1996.  The natural host range of Steinernema and Heterorhabditis spp. and their impact on insect populations.  Biocontrol Science and Technology 6: 389-402.",Agrotis ipsilon,Steinernema sp.
106,1274,"Peters, A., 1996.  The natural host range of Steinernema and Heterorhabditis spp. and their impact on insect populations.  Biocontrol Science and Technology 6: 389-402.",Agrotis segetum,Steinernema sp.
228,1274,"Peters, A., 1996.  The natural host range of Steinernema and Heterorhabditis spp. and their impact on insect populations.  Biocontrol Science and Technology 6: 389-402.",Reticulitermes flavipes,Neosteinernema longicurvicaudum
108,1274,"Peters, A., 1996.  The natural host range of Steinernema and Heterorhabditis spp. and their impact on insect populations.  Biocontrol Science and Technology 6: 389-402.",Popillia japonica,Heterorhabditis bacteriophora
110,1274,"Peters, A., 1996.  The natural host range of Steinernema and Heterorhabditis spp. and their impact on insect populations.  Biocontrol Science and Technology 6: 389-402.",Cyclocephala hirta,Heterorhabditis bacteriophora
111,1290,"Poinar, G. O., Jr. and Georgis, R., 1990.  Characterization and field application of Heterorhabditis bacteriophora strain HP88 (Heterorhabditidae: Rhabditida). Rev. Nématol. 13: 387-393.",Phyllophaga sp.,Heterorhabditis bacteriophora
112,1274,"Peters, A., 1996.  The natural host range of Steinernema and Heterorhabditis spp. and their impact on insect populations.  Biocontrol Science and Technology 6: 389-402.",Diabrotica balteata,Heterorhabditis bacteriophora
113,1274,"Peters, A., 1996.  The natural host range of Steinernema and Heterorhabditis spp. and their impact on insect populations.  Biocontrol Science and Technology 6: 389-402.",Curculio caryae,Heterorhabditis bacteriophora
114,1274,"Peters, A., 1996.  The natural host range of Steinernema and Heterorhabditis spp. and their impact on insect populations.  Biocontrol Science and Technology 6: 389-402.",Diaprepes abbreviatus,Heterorhabditis bacteriophora
115,1274,"Peters, A., 1996.  The natural host range of Steinernema and Heterorhabditis spp. and their impact on insect populations.  Biocontrol Science and Technology 6: 389-402.",Diaprepes abbreviatus,Heterorhabditis bacteriophora
116,1274,"Peters, A., 1996.  The natural host range of Steinernema and Heterorhabditis spp. and their impact on insect populations.  Biocontrol Science and Technology 6: 389-402.",Helicoverpa punctigera,Heterorhabditis bacteriophora
117,1274,"Peters, A., 1996.  The natural host range of Steinernema and Heterorhabditis spp. and their impact on insect populations.  Biocontrol Science and Technology 6: 389-402.",Helicoverpa zea,Heterorhabditis bacteriophora
118,1274,"Peters, A., 1996.  The natural host range of Steinernema and Heterorhabditis spp. and their impact on insect populations.  Biocontrol Science and Technology 6: 389-402.",Diatraea grandiosella,Heterorhabditis bacteriophora
120,1274,"Peters, A., 1996.  The natural host range of Steinernema and Heterorhabditis spp. and their impact on insect populations.  Biocontrol Science and Technology 6: 389-402.",Popillia japonica,Heterorhabditis megidis
129,1274,"Peters, A., 1996.  The natural host range of Steinernema and Heterorhabditis spp. and their impact on insect populations.  Biocontrol Science and Technology 6: 389-402.",Heteronychus arator,Heterorhabditis zealandica
135,1274,"Peters, A., 1996.  The natural host range of Steinernema and Heterorhabditis spp. and their impact on insect populations.  Biocontrol Science and Technology 6: 389-402.",Lepidiota crinita,Heterorhabditis sp.
136,1274,"Peters, A., 1996.  The natural host range of Steinernema and Heterorhabditis spp. and their impact on insect populations.  Biocontrol Science and Technology 6: 389-402.",Lepidiota negatoria,Heterorhabditis sp.
137,1274,"Peters, A., 1996.  The natural host range of Steinernema and Heterorhabditis spp. and their impact on insect populations.  Biocontrol Science and Technology 6: 389-402.",Lepidiota picticollis,Heterorhabditis sp.
138,1274,"Peters, A., 1996.  The natural host range of Steinernema and Heterorhabditis spp. and their impact on insect populations.  Biocontrol Science and Technology 6: 389-402.",Antitrogus consanguineus,Heterorhabditis sp.
139,1274,"Peters, A., 1996.  The natural host range of Steinernema and Heterorhabditis spp. and their impact on insect populations.  Biocontrol Science and Technology 6: 389-402.",Graphognathus leucoloma,Heterorhabditis sp.
140,1247,"Akhurst, R. J., Bedding, R. A., Bull, R. M. and Smith, D.R.J., 1992. An epizootic of Heterorhabditis spp. (Heterorhabditidae: Nematoda) in sugar cane scarabaeids (Coleoptera). Fundamental and Applied Nematology 15: 71-73.",Graphognathus leucoloma,Heterorhabditis sp.
141,1274,"Peters, A., 1996.  The natural host range of Steinernema and Heterorhabditis spp. and their impact on insect populations.  Biocontrol Science and Technology 6: 389-402.",Cylas formicarius,Heterorhabditis sp.
142,1274,"Peters, A., 1996.  The natural host range of Steinernema and Heterorhabditis spp. and their impact on insect populations.  Biocontrol Science and Technology 6: 389-402.",Pachnaeus litus,Heterorhabditis sp.
147,1274,"Peters, A., 1996.  The natural host range of Steinernema and Heterorhabditis spp. and their impact on insect populations.  Biocontrol Science and Technology 6: 389-402.",Heteronychus arator,Heterorhabditis zealandica
148,1228,"Glare, T.R., O’Callaghan, M., and Wigley, P.J. 1993. Checklist of naturally occurring entomopathogens microbes and nematodes in New Zealand.  New Zealand Journal of Zoology 20: 95-120. ",Costelytra zealandica,Cephalobellus costelytrae
1,1228,"Glare, T.R., O’Callaghan, M., and Wigley, P.J. 1993. Checklist of naturally occurring entomopathogens microbes and nematodes in New Zealand.  New Zealand Journal of Zoology 20: 95-120. ",Austrosimulium multicorne,Austromemermis namis
2,1228,"Glare, T.R., O’Callaghan, M., and Wigley, P.J. 1993. Checklist of naturally occurring entomopathogens microbes and nematodes in New Zealand.  New Zealand Journal of Zoology 20: 95-120. ",Neocurupira hudsoni,Blepharomermis craigi
4,1228,"Glare, T.R., O’Callaghan, M., and Wigley, P.J. 1993. Checklist of naturally occurring entomopathogens microbes and nematodes in New Zealand.  New Zealand Journal of Zoology 20: 95-120. ",Sirex noctilio,Delandenus siricidicola
5,1228,"Glare, T.R., O’Callaghan, M., and Wigley, P.J. 1993. Checklist of naturally occurring entomopathogens microbes and nematodes in New Zealand.  New Zealand Journal of Zoology 20: 95-120. ",Platyzosteria novaeseelandiae,Blatticola tuapakae
6,1228,"Glare, T.R., O’Callaghan, M., and Wigley, P.J. 1993. Checklist of naturally occurring entomopathogens microbes and nematodes in New Zealand.  New Zealand Journal of Zoology 20: 95-120. ",Platyzosteria novaeseelandiae,Protrellina gurri 
149,1228,"Glare, T.R., O’Callaghan, M., and Wigley, P.J. 1993. Checklist of naturally occurring entomopathogens microbes and nematodes in New Zealand.  New Zealand Journal of Zoology 20: 95-120. ",Pericoptus truncatus,Tetleyus pericopti
41,1271,"Klein, M. G., 1990.  Efficacy against soil-inhabiting insect pests, in Entomopathogenic Nematodes in Biological Control (Gaugler, R. and Kaya, H. K., Eds) CRC Press, Boca Raton, FL, pp. 195-214.",Popillia japonica,Steinernema carpocapsae
42,1278,"Ahmad, R., 1974.  Investigations on the white-fringed weevils Naupactus durius Boh. and Pantomorus auripes Hustache (Coleoptera, Curculionidae) and their natural enemies in Argentina.  Tech. Bull. Commonw. Inst. Biol. Control 17: 37-51.",Graphognathus leucoloma,Steinernema carpocapsae
43,1271,"Klein, M. G., 1990.  Efficacy against soil-inhabiting insect pests, in Entomopathogenic Nematodes in Biological Control (Gaugler, R. and Kaya, H. K., Eds) CRC Press, Boca Raton, FL, pp. 195-214.",Otiorhynchus sulcatus,Steinernema carpocapsae
52,1280,"Sandner, H. and Seryczynska, H., 1971.  Changes in the ultrastructure of the fat-body of Galleria mellonella L. under the influence of invasion by Neoaplectana carpocapsae Weiser (Nematoda, Steinernematidae). Bull. l’Acad. Pol. Sci. 19: 67-69.",Cydia pomonella,Steinernema carpocapsae
68,1271,"Klein, M. G., 1990.  Efficacy against soil-inhabiting insect pests, in Entomopathogenic Nematodes in Biological Control (Gaugler, R. and Kaya, H. K., Eds) CRC Press, Boca Raton, FL, pp. 195-214.",Graphognathus leucoloma,Steinernema feltiae
82,1272,"Caballero, Pl, Vargas-Osuna, E. and Santiago-Alvarez, C., 1989.  Presencia de “gusanos grises” sobre diversos cultivos en Andalucia y Extremadura y sus parasitos y patogenos asociados,  Boletin de Sanidad Vegetal y Plagas 15: 3-7,",Agrotis ipsilon,Steinernema feltiae
83,1272,"Caballero, Pl, Vargas-Osuna, E. and Santiago-Alvarez, C., 1989.  Presencia de “gusanos grises” sobre diversos cultivos en Andalucia y Extremadura y sus parasitos y patogenos asociados,  Boletin de Sanidad Vegetal y Plagas 15: 3-7,",Agrotis segetum,Steinernema feltiae
232,1260,"Eichhorn, O., 1988.  Untersuchungen über die Fichtengespinsblattwespen Cephalcia spp. PANZ (Hymenoptera, Panphiliidae). II. Die Larven- und Nymphenparasiten.  Journal of Applied Entomology 105: 105-140.",Cephalcia abietis,Steinernema kraussei 
114,1271,"Klein, M. G., 1990.  Efficacy against soil-inhabiting insect pests, in Entomopathogenic Nematodes in Biological Control (Gaugler, R. and Kaya, H. K., Eds) CRC Press, Boca Raton, FL, pp. 195-214.",Diaprepes abbreviatus,Heterorhabditis bacteriophora
120,1291,"Poinar, G. O., Jr., Jackson, T. and Klein, 1987.  Heterorhabditis megidis sp. n. (Heterorhabditidae: Rhabditida), parasitic in the Japanese beetle, Popillia japonica (Scarabaedae: Coleoptera), in Ohio.  Proc. Helminth. Soc. Wash. 54: 53-59.",Popillia japonica,Heterorhabditis megidis
140,1274,"Peters, A., 1996.  The natural host range of Steinernema and Heterorhabditis spp. and their impact on insect populations.  Biocontrol Science and Technology 6: 389-402.",Graphognathus leucoloma,Heterorhabditis sp.
147,1228,"Glare, T.R., O’Callaghan, M., and Wigley, P.J. 1993. Checklist of naturally occurring entomopathogens microbes and nematodes in New Zealand.  New Zealand Journal of Zoology 20: 95-120. ",Heteronychus arator,Heterorhabditis zealandica
52,1252,"Vinciguerra, M. T. and Tacconi, R., 1983. Variabilita morfologica di Neoaplectana carpocapsae Weiser, 1955 (Rhabditida, Nematoda) rinvenuta in larve di Laspeyresia pomonella (L.).  Bolletino del Instituto di Entomologia “Guido Grandi”, Universita di Bologna (Italy) 38:89-94.",Cydia pomonella,Steinernema carpocapsae
232,1262,"Mrácek, A., 1986.  Nematodes and other factors controlling the sawfly, Cephaleia abietis (Pamphilidae: Hymenoptera), in Czechoslovakia,  Forest Ecology and Management 15: 75-79.",Cephalcia abietis,Steinernema kraussei 
232,1261,"Fischer, P. and Fuhrer, E., 1990.  Effect of soil acidity on the entomophilic nematode Steinernema kraussei Steiner.  Biology and Fertility of Soil 9: 174-177.",Cephalcia abietis,Steinernema kraussei 
